geometry;name;price_level;rating;types;user_ratings_total;vicinity;longitude;latitude
{'location': {'lat': 52.37607779999999, 'lng': 4.891934499999999}, 'viewport': {'northeast': {'lat': 52.3773916302915, 'lng': 4.893445680291503}, 'southwest': {'lat': 52.3746936697085, 'lng': 4.890747719708498}}};Angus Burger bar;;3,4;Grill;38;Lijnbaanssteeg 1, Amsterdam; 4.891934499999999;52.37607779999999
{'location': {'lat': 52.37621859999999, 'lng': 4.892371899999999}, 'viewport': {'northeast': {'lat': 52.37753448029149, 'lng': 4.893784330291502}, 'southwest': {'lat': 52.3748365197085, 'lng': 4.891086369708497}}};Curry Express;;3,7;Indian;70;Spuistraat 50, Amsterdam; 4.892371899999999;52.37621859999999
{'location': {'lat': 52.3759125, 'lng': 4.8926604}, 'viewport': {'northeast': {'lat': 52.3772218302915, 'lng': 4.894094080291502}, 'southwest': {'lat': 52.3745238697085, 'lng': 4.891396119708498}}};MOUSSAIQUE;;4,3;Classic;42;Nieuwezijds Voorburgwal 88, Amsterdam; 4.8926604;52.3759125
{'location': {'lat': 52.37599179999999, 'lng': 4.892773599999999}, 'viewport': {'northeast': {'lat': 52.37731533029149, 'lng': 4.894216430291501}, 'southwest': {'lat': 52.37461736970849, 'lng': 4.891518469708497}}};"Pizzeria ""La Bettola""";;3,6;Italian;271;Nieuwezijds Voorburgwal 82, Amsterdam; 4.892773599999999;52.37599179999999
{'location': {'lat': 52.3758965, 'lng': 4.8934381}, 'viewport': {'northeast': {'lat': 52.3771857302915, 'lng': 4.894630780291501}, 'southwest': {'lat': 52.3744877697085, 'lng': 4.891932819708496}}};Casa Del Toro;;3,4;Grill;263;Nieuwezijds Voorburgwal 77, Amsterdam; 4.893448099999999;52.3759021
{'location': {'lat': 52.3782572, 'lng': 4.8817517}, 'viewport': {'northeast': {'lat': 52.3795676802915, 'lng': 4.883119530291502}, 'southwest': {'lat': 52.3768697197085, 'lng': 4.880421569708498}}};Café Parlotte;;5;Cafe;7;Westerstraat 182, Amsterdam;4.880643200000001;52.3794825
{'location': {'lat': 52.37792539999999, 'lng': 4.8856157}, 'viewport': {'northeast': {'lat': 52.3792566802915, 'lng': 4.887016430291503}, 'southwest': {'lat': 52.3765587197085, 'lng': 4.884318469708498}}};New Dutch Amsterdam (Breakfast, Lunch & Brunch);;4,9;Classic;178;Prinsengracht 60-62, Amsterdam;4.8808862;52.37981449999999
{'location': {'lat': 52.37869600000001, 'lng': 4.884316999999999}, 'viewport': {'northeast': {'lat': 52.3800245802915, 'lng': 4.885674630291502}, 'southwest': {'lat': 52.3773266197085, 'lng': 4.882976669708497}}};Café Carbòn Jordaan;;4,5;Cafe;62;Westerstraat 74, Amsterdam;4.8814226;52.3778188
{'location': {'lat': 52.37823909999999, 'lng': 4.8832116}, 'viewport': {'northeast': {'lat': 52.3796171802915, 'lng': 4.884526080291503}, 'southwest': {'lat': 52.3769192197085, 'lng': 4.881828119708499}}};Swietie Sranang;;4;Fastfood;4;Westerstraat 113II, Amsterdam;4.881554;52.37756429999999
{'location': {'lat': 52.379087, 'lng': 4.88463}, 'viewport': {'northeast': {'lat': 52.38047538029149, 'lng': 4.885952830291502}, 'southwest': {'lat': 52.37777741970849, 'lng': 4.883254869708497}}};Wijnbar diVino;;4,3;Bar;183;Boomstraat 41A, Amsterdam;4.88157;52.37743
{'location': {'lat': 52.37875709999999, 'lng': 4.894483}, 'viewport': {'northeast': {'lat': 52.3800515802915, 'lng': 4.895702080291502}, 'southwest': {'lat': 52.3773536197085, 'lng': 4.893004119708498}}};Stro Brasserie;;4;Classic;55;Stromarkt 1, Amsterdam;4.881666699999999;52.37833329999999
{'location': {'lat': 52.37966609999999, 'lng': 4.8827358}, 'viewport': {'northeast': {'lat': 52.3810052302915, 'lng': 4.884019080291502}, 'southwest': {'lat': 52.3783072697085, 'lng': 4.881321119708497}}};Afhaalcentrum Terang Boelan;;4,7;Fastfood;81;Tweede Lindendwarsstraat 3, Amsterdam;4.88172;52.3771534
{'location': {'lat': 52.378524, 'lng': 4.9005154}, 'viewport': {'northeast': {'lat': 52.37987363029149, 'lng': 4.901903380291502}, 'southwest': {'lat': 52.37717566970849, 'lng': 4.899205419708498}}};Burger King;2;3,6;Fastfood;863;Stationsplein 5, Amsterdam;4.8817517;52.3782572
{'location': {'lat': 52.3789457, 'lng': 4.8853206}, 'viewport': {'northeast': {'lat': 52.3802408802915, 'lng': 4.886699630291502}, 'southwest': {'lat': 52.3775429197085, 'lng': 4.884001669708497}}};Boca's;2;4,3;Classic;389;Westerstraat 30, Amsterdam;4.881802700000001;52.3771222
{'location': {'lat': 52.3780549, 'lng': 4.883558799999999}, 'viewport': {'northeast': {'lat': 52.37939958029149, 'lng': 4.884887180291503}, 'southwest': {'lat': 52.37670161970849, 'lng': 4.882189219708498}}};Restaurant Jottum;2;4,3;Classic;222;Eerste Anjeliersdwarsstraat 17, Amsterdam;4.881821;52.3773318
{'location': {'lat': 52.37884750000001, 'lng': 4.885101199999999}, 'viewport': {'northeast': {'lat': 52.3801652302915, 'lng': 4.886469380291502}, 'southwest': {'lat': 52.3774672697085, 'lng': 4.883771419708498}}};HINATA AMSTERDAM;2;4,6;Asian;395;Westerstraat 40, Amsterdam;4.881825200000001;52.3771437
{'location': {'lat': 52.37803, 'lng': 4.883281999999999}, 'viewport': {'northeast': {'lat': 52.3793989802915, 'lng': 4.884726380291502}, 'southwest': {'lat': 52.37670101970851, 'lng': 4.882028419708497}}};Restaurant Kinnaree;2;4,4;Asian;253;Eerste Anjeliersdwarsstraat 14, Amsterdam;4.8818686;52.377246
{'location': {'lat': 52.377969, 'lng': 4.8833818}, 'viewport': {'northeast': {'lat': 52.3793318302915, 'lng': 4.884796880291502}, 'southwest': {'lat': 52.3766338697085, 'lng': 4.882098919708498}}};Shah Jahan Indian Restaurant;2;4,4;Indian;307;Eerste Anjeliersdwarsstraat 18, Amsterdam;4.881905499999999;52.3771959
{'location': {'lat': 52.3789016, 'lng': 4.8852657}, 'viewport': {'northeast': {'lat': 52.3802114302915, 'lng': 4.886636530291502}, 'southwest': {'lat': 52.3775134697085, 'lng': 4.883938569708497}}};SLA;2;4,5;Special;330;Westerstraat 34, Amsterdam;4.8820137;52.37704129999999
{'location': {'lat': 52.3791221, 'lng': 4.8861651}, 'viewport': {'northeast': {'lat': 52.3804833802915, 'lng': 4.887594830291502}, 'southwest': {'lat': 52.3777854197085, 'lng': 4.884896869708498}}};PEQU;;4,8;Classic;4;Noordermarkt 42, Amsterdam;4.8821277;52.3768074
{'location': {'lat': 52.3790758, 'lng': 4.8862055}, 'viewport': {'northeast': {'lat': 52.38043553029149, 'lng': 4.887625080291501}, 'southwest': {'lat': 52.37773756970849, 'lng': 4.884927119708498}}};Winkel - Tarta de manzana;;4,7;Sweet;30;Noordermarkt 43, Amsterdam;4.8821277;52.3768074
{'location': {'lat': 52.38028479999999, 'lng': 4.8840519}, 'viewport': {'northeast': {'lat': 52.38158913029149, 'lng': 4.885433980291501}, 'southwest': {'lat': 52.3788911697085, 'lng': 4.882736019708497}}};Luna;2;4,6;Grill;740;Lindengracht 152, Amsterdam;4.882256;52.3767509
{'location': {'lat': 52.37882229999999, 'lng': 4.894663399999999}, 'viewport': {'northeast': {'lat': 52.38021098029149, 'lng': 4.895970630291502}, 'southwest': {'lat': 52.37751301970849, 'lng': 4.893272669708498}}};Café Josélito;2;4;Cafe;847;Nieuwendijk 2, Amsterdam;4.882441900000001;52.3784637
{'location': {'lat': 52.37695610000001, 'lng': 4.897200600000001}, 'viewport': {'northeast': {'lat': 52.3783358802915, 'lng': 4.8980628}, 'southwest': {'lat': 52.3756379197085, 'lng': 4.894764400000001}}};Doner Haci Baba;;5;Kebap;1;Haringpakkerssteeg 8, Amsterdam;4.8826728;52.37843170000001
{'location': {'lat': 52.3790632, 'lng': 4.900238900000001}, 'viewport': {'northeast': {'lat': 52.3804121802915, 'lng': 4.901587880291503}, 'southwest': {'lat': 52.3777142197085, 'lng': 4.898889919708498}}};Digters Amsterdam Centraal;;4,1;Classic;136;Stationsplein 39E, Amsterdam;4.8826763;52.3784173
{'location': {'lat': 52.3787581, 'lng': 4.9006383}, 'viewport': {'northeast': {'lat': 52.3794405, 'lng': 4.90359905}, 'southwest': {'lat': 52.3767109, 'lng': 4.898842450000001}}};Lil' Amsterdam Central Station;;4,2;Classic;156;Stationsplein 31 - 33, Amsterdam;4.8826854;52.3800947
{'location': {'lat': 52.3795667, 'lng': 4.9000944}, 'viewport': {'northeast': {'lat': 52.38091568029149, 'lng': 4.901443380291502}, 'southwest': {'lat': 52.3782177197085, 'lng': 4.898745419708497}}};Salsa Shop;;4,2;Mexican;648;Stationsplein 43L, Amsterdam;4.8827358;52.37966609999999
{'location': {'lat': 52.37836549999999, 'lng': 4.9004102}, 'viewport': {'northeast': {'lat': 52.37922838029149, 'lng': 4.9035512}, 'southwest': {'lat': 52.37653041970849, 'lng': 4.898986}}};Smullers Amsterdam CS West Tunnel;;3,1;Fastfood;10;Stationsplein 13, Amsterdam;4.882784299999999;52.37812569999999
{'location': {'lat': 52.3787473, 'lng': 4.8949851}, 'viewport': {'northeast': {'lat': 52.3801510802915, 'lng': 4.896131480291503}, 'southwest': {'lat': 52.3774531197085, 'lng': 4.893433519708498}}};Orvieto;2;4;Italian;251;Nieuwendijk 9, Amsterdam;4.8831744;52.3782039
{'location': {'lat': 52.3770969, 'lng': 4.8977789}, 'viewport': {'northeast': {'lat': 52.37859548029149, 'lng': 4.899412980291503}, 'southwest': {'lat': 52.3758975197085, 'lng': 4.896715019708498}}};Park Plaza Victoria Amsterdam;;4,4;Hotel;2534;Damrak 1-5, Amsterdam;4.8832116;52.37823909999999
{'location': {'lat': 52.37691369999999, 'lng': 4.897192299999999}, 'viewport': {'northeast': {'lat': 52.3783040302915, 'lng': 4.897993949999999}, 'southwest': {'lat': 52.3756060697085, 'lng': 4.894787350000001}}};Mondial Crepes;;3,7;Sweet;31;Haringpakkerssteeg 6, Amsterdam;4.883281999999999;52.37803
{'location': {'lat': 52.378911, 'lng': 4.894805000000001}, 'viewport': {'northeast': {'lat': 52.3802299802915, 'lng': 4.896041430291502}, 'southwest': {'lat': 52.3775320197085, 'lng': 4.893343469708498}}};Wok To Go;1;4,2;Asian;504;Nieuwendijk 1, Amsterdam;4.883331099999999;52.3781018
{'location': {'lat': 52.377349, 'lng': 4.8963316}, 'viewport': {'northeast': {'lat': 52.37891528029149, 'lng': 4.897568980291502}, 'southwest': {'lat': 52.37621731970849, 'lng': 4.894871019708497}}};Q Global Kitchen;;3,3;Grill;175;Nieuwendijk 62C, Amsterdam;4.8833587;52.3785918
{'location': {'lat': 52.37877020000001, 'lng': 4.894675599999999}, 'viewport': {'northeast': {'lat': 52.3801849302915, 'lng': 4.895976730291502}, 'southwest': {'lat': 52.37748696970851, 'lng': 4.893278769708497}}};Toastable Nieuwendijk;2;4,6;Cafe;431;Nieuwendijk 6, Amsterdam;4.8833818;52.377969
{'location': {'lat': 52.37866839999999, 'lng': 4.895116199999999}, 'viewport': {'northeast': {'lat': 52.37987538029149, 'lng': 4.896342530291503}, 'southwest': {'lat': 52.3771774197085, 'lng': 4.893644569708498}}};Poké Perfect;;4,5;Asian;199;Nieuwendijk 13HS, Amsterdam;4.883972200000001;52.37875409999999
{'location': {'lat': 52.3773544, 'lng': 4.8963246}, 'viewport': {'northeast': {'lat': 52.3789177302915, 'lng': 4.897564530291502}, 'southwest': {'lat': 52.3762197697085, 'lng': 4.894866569708498}}};McDonald's;2;3,7;Fastfood;3062;Nieuwendijk 70, Amsterdam;4.884008199999998;52.37866
{'location': {'lat': 52.37866, 'lng': 4.884008199999998}, 'viewport': {'northeast': {'lat': 52.3799749802915, 'lng': 4.885373580291501}, 'southwest': {'lat': 52.3772770197085, 'lng': 4.882675619708497}}};El Pibe;2;4,2;Classic;130;Westerstraat 86HS, Amsterdam;4.8840519;52.38028479999999
{'location': {'lat': 52.37866229999999, 'lng': 4.895042}, 'viewport': {'northeast': {'lat': 52.3798723302915, 'lng': 4.896275580291502}, 'southwest': {'lat': 52.3771743697085, 'lng': 4.893577619708497}}};Lamour Tapas;;4,2;Tapas;29;Smaksteeg 4, Amsterdam;4.8840545;52.37838310000001
{'location': {'lat': 52.3784173, 'lng': 4.8826763}, 'viewport': {'northeast': {'lat': 52.3797323802915, 'lng': 4.884041830291502}, 'southwest': {'lat': 52.3770344197085, 'lng': 4.881343869708497}}};amsterdam indian food express;;3;Indian;4;Westerstraat 136, Amsterdam;4.884074999999999;52.380478
{'location': {'lat': 52.3785918, 'lng': 4.8833587}, 'viewport': {'northeast': {'lat': 52.37988428029149, 'lng': 4.884735080291502}, 'southwest': {'lat': 52.37718631970849, 'lng': 4.882037119708498}}};La Reinita empanadas y productos;;4,9;Sandwhich;86;Westerstraat 116h, Amsterdam;4.884261;52.3771444
{'location': {'lat': 52.37843170000001, 'lng': 4.8826728}, 'viewport': {'northeast': {'lat': 52.3797398802915, 'lng': 4.884041680291502}, 'southwest': {'lat': 52.37704191970851, 'lng': 4.881343719708497}}};Hummus bistro d&a;2;4,6;Cafe;1057;Westerstraat 136, Amsterdam;4.8842979;52.3804504
{'location': {'lat': 52.37929949999999, 'lng': 4.8997572}, 'viewport': {'northeast': {'lat': 52.38061128029149, 'lng': 4.901073130291501}, 'southwest': {'lat': 52.3779133197085, 'lng': 4.898375169708497}}};Kiosk;;3,3;Cafe;33;Stationsplein 29, Amsterdam;4.884316999999999;52.37869600000001
{'location': {'lat': 52.37838310000001, 'lng': 4.8840545}, 'viewport': {'northeast': {'lat': 52.37976928029151, 'lng': 4.885384630291501}, 'southwest': {'lat': 52.37707131970851, 'lng': 4.882686669708496}}};Ko Chang Thai restaurant;2;4,5;Asian;234;Westerstraat 91, Amsterdam;4.884328099999999;52.38033689999999
{'location': {'lat': 52.37833329999999, 'lng': 4.881666699999999}, 'viewport': {'northeast': {'lat': 52.3796017302915, 'lng': 4.883055130291501}, 'southwest': {'lat': 52.3769037697085, 'lng': 4.880357169708497}}};Cinema Paradiso;2;4,3;Italian;249;Westerstraat 186 BG, Amsterdam;4.884510999999999;52.380653
{'location': {'lat': 52.3791368, 'lng': 4.900506600000001}, 'viewport': {'northeast': {'lat': 52.3807525302915, 'lng': 4.901840230291502}, 'southwest': {'lat': 52.3780545697085, 'lng': 4.899142269708499}}};New York Pizza;2;4,1;Italian;434;Stationsplein 13, Amsterdam;4.8845955;52.3800219
{'location': {'lat': 52.3769048, 'lng': 4.897677499999999}, 'viewport': {'northeast': {'lat': 52.3791797, 'lng': 4.898863649999999}, 'southwest': {'lat': 52.3745661, 'lng': 4.89575145}}};McDonald's;2;3,5;Fastfood;3611;Damrak 8, Amsterdam;4.88463;52.379087
{'location': {'lat': 52.3768702, 'lng': 4.8971456}, 'viewport': {'northeast': {'lat': 52.37866203029149, 'lng': 4.8993569}, 'southwest': {'lat': 52.37596406970849, 'lng': 4.894786900000001}}};Prix d'Ami.;;4,4;Cafe;5821;Haringpakkerssteeg 3, Amsterdam;4.885101199999999;52.37884750000001
{'location': {'lat': 52.3768474, 'lng': 4.897615}, 'viewport': {'northeast': {'lat': 52.37812278029149, 'lng': 4.899111880291502}, 'southwest': {'lat': 52.37542481970849, 'lng': 4.896413919708498}}};Los Toros;2;3,8;Grill;363;Damrak 9, Amsterdam;4.8852657;52.3789016
{'location': {'lat': 52.3782039, 'lng': 4.8831744}, 'viewport': {'northeast': {'lat': 52.3795985802915, 'lng': 4.884501730291502}, 'southwest': {'lat': 52.3769006197085, 'lng': 4.881803769708497}}};Swieti Sranang;;4,3;Fastfood;38;Westerstraat 115, Amsterdam;4.885272499999999;52.380143
{'location': {'lat': 52.3768354, 'lng': 4.8976143}, 'viewport': {'northeast': {'lat': 52.37811308029151, 'lng': 4.899106630291502}, 'southwest': {'lat': 52.37541511970851, 'lng': 4.896408669708498}}};Grill restaurant;;1;Grill;1;Damrak 9, Amsterdam;4.8853206;52.3789457
{'location': {'lat': 52.3781018, 'lng': 4.883331099999999}, 'viewport': {'northeast': {'lat': 52.37946238029149, 'lng': 4.884735430291502}, 'southwest': {'lat': 52.3767644197085, 'lng': 4.882037469708497}}};Locanda;2;4,4;Classic;119;Eerste Anjeliersdwarsstraat 6, Amsterdam;4.8853789;52.38014030000001
{'location': {'lat': 52.37676690000001, 'lng': 4.8975788}, 'viewport': {'northeast': {'lat': 52.3781158802915, 'lng': 4.898927780291502}, 'southwest': {'lat': 52.3754179197085, 'lng': 4.896229819708497}}};Bon Appétit;;3,4;Classic;265;Damrak 11II,, Amsterdam;4.8856157;52.37792539999999
{'location': {'lat': 52.37827290000001, 'lng': 4.8859875}, 'viewport': {'northeast': {'lat': 52.3796074302915, 'lng': 4.887377280291501}, 'southwest': {'lat': 52.3769094697085, 'lng': 4.884679319708496}}};Eethuis Pondok Indah;;4,6;Fastfood;55;Prinsengracht 42, Amsterdam;4.885943999999999;52.38026130000001
{'location': {'lat': 52.37795389999999, 'lng': 4.894642300000001}, 'viewport': {'northeast': {'lat': 52.3793080302915, 'lng': 4.895776680291502}, 'southwest': {'lat': 52.3766100697085, 'lng': 4.893078719708497}}};2b lounge bar;;4,3;Bar;29;Kattengat 1, Amsterdam;4.8859875;52.37827290000001
{'location': {'lat': 52.3784637, 'lng': 4.882441900000001}, 'viewport': {'northeast': {'lat': 52.3797378802915, 'lng': 4.883827330291503}, 'southwest': {'lat': 52.3770399197085, 'lng': 4.881129369708498}}};Italiaans Restaurant Pizzeria Pepe;1;4,1;Italian;128;Westerstraat 144, Amsterdam;4.886135;52.377571
{'location': {'lat': 52.37676959999999, 'lng': 4.8965839}, 'viewport': {'northeast': {'lat': 52.3782499302915, 'lng': 4.897448530291502}, 'southwest': {'lat': 52.3755519697085, 'lng': 4.894750569708498}}};San Abram;2;3,3;Italian;128;Nieuwendijk 89, Amsterdam;4.8861651;52.3791221
{'location': {'lat': 52.3776017, 'lng': 4.9001974}, 'viewport': {'northeast': {'lat': 52.3799769, 'lng': 4.904262150000001}, 'southwest': {'lat': 52.37593089999999, 'lng': 4.895800749999998}}};Loetje Centraal;2;4,2;Classic;4192;Stationsplein 10, Amsterdam;4.8861694;52.37908059999999
{'location': {'lat': 52.37875409999999, 'lng': 4.883972200000001}, 'viewport': {'northeast': {'lat': 52.38002283029149, 'lng': 4.885359930291503}, 'southwest': {'lat': 52.3773248697085, 'lng': 4.882661969708498}}};El pibe;;4,5;Classic;71;Westerstraat 86, Amsterdam;4.8862055;52.3790758
{'location': {'lat': 52.37812569999999, 'lng': 4.882784299999999}, 'viewport': {'northeast': {'lat': 52.3795247802915, 'lng': 4.884109930291502}, 'southwest': {'lat': 52.3768268197085, 'lng': 4.881411969708497}}};Sandwich Amsterdam;;5;Cafe;2;Westerstraat 139, Amsterdam;4.886234999999999;52.37759399999999
{'location': {'lat': 52.3800219, 'lng': 4.8845955}, 'viewport': {'northeast': {'lat': 52.3814327302915, 'lng': 4.885921830291502}, 'southwest': {'lat': 52.3787347697085, 'lng': 4.883223869708497}}};VISSER Amsterdam;;4,9;Special;18;Lindengracht 95H, Amsterdam;4.886766199999999;52.3778467
{'location': {'lat': 52.37908059999999, 'lng': 4.8861694}, 'viewport': {'northeast': {'lat': 52.3804377302915, 'lng': 4.887607130291503}, 'southwest': {'lat': 52.3777397697085, 'lng': 4.884909169708498}}};Winkel 43;2;4,6;Cafe;5673;Noordermarkt 43, Amsterdam;4.886896000000001;52.377929
{'location': {'lat': 52.3800947, 'lng': 4.8826854}, 'viewport': {'northeast': {'lat': 52.38138808029149, 'lng': 4.884056430291501}, 'southwest': {'lat': 52.3786901197085, 'lng': 4.881358469708498}}};o bistro;;4,9;Cafe;11;Lindengracht 248, Amsterdam;4.886944399999999;52.3780556
{'location': {'lat': 52.3737086, 'lng': 4.8902131}, 'viewport': {'northeast': {'lat': 52.3750162802915, 'lng': 4.891777530291503}, 'southwest': {'lat': 52.3723183197085, 'lng': 4.889079569708498}}};The Poffertjes Office;;4,8;Sweet;5;Nieuwezijds Voorburgwal 182 I, Amsterdam;4.888006799999999;52.37348110000001
{'location': {'lat': 52.3752727, 'lng': 4.8977312}, 'viewport': {'northeast': {'lat': 52.3766914802915, 'lng': 4.898888630291501}, 'southwest': {'lat': 52.3739935197085, 'lng': 4.896190669708496}}};I CHURROS;;4,7;Sweet;7;Oudebrugsteeg 2, Amsterdam;4.888592199999999;52.3746282
{'location': {'lat': 52.3752986, 'lng': 4.897718500000001}, 'viewport': {'northeast': {'lat': 52.3766974302915, 'lng': 4.898874430291502}, 'southwest': {'lat': 52.3739994697085, 'lng': 4.896176469708498}}};Grillroom Good Luck;;3,9;Grill;38;Oudebrugsteeg 6, Amsterdam;4.8886159;52.3738284
{'location': {'lat': 52.3752686, 'lng': 4.8977487}, 'viewport': {'northeast': {'lat': 52.3766883302915, 'lng': 4.898896130291502}, 'southwest': {'lat': 52.3739903697085, 'lng': 4.896198169708497}}};Wok-Inn;2;3,7;Asian;264;Oudebrugsteeg 4, Amsterdam;4.888656699999999;52.3746297
{'location': {'lat': 52.3752441, 'lng': 4.897418399999999}, 'viewport': {'northeast': {'lat': 52.37663788029149, 'lng': 4.898705080291501}, 'southwest': {'lat': 52.37393991970849, 'lng': 4.896007119708497}}};Heffer Tavern;2;4;Bar;555;Oudebrugsteeg 7, Amsterdam;4.8887446;52.3747312
{'location': {'lat': 52.3752715, 'lng': 4.898007499999999}, 'viewport': {'northeast': {'lat': 52.3766997302915, 'lng': 4.899023530291502}, 'southwest': {'lat': 52.3740017697085, 'lng': 4.896325569708497}}};Lunchroom Warmoes;;4,3;Cafe;3;Warmoesstraat 56, Amsterdam;4.889386399999999;52.37342839999999
{'location': {'lat': 52.3740512, 'lng': 4.8906021}, 'viewport': {'northeast': {'lat': 52.3753583302915, 'lng': 4.892058230291502}, 'southwest': {'lat': 52.3726603697085, 'lng': 4.889360269708497}}};Die Port Van Cleve;;4,3;Htoel;879;Nieuwezijds Voorburgwal 176-180, Amsterdam;4.8894059;52.3728608
{'location': {'lat': 52.3753438, 'lng': 4.897882399999999}, 'viewport': {'northeast': {'lat': 52.3767023802915, 'lng': 4.899027130291501}, 'southwest': {'lat': 52.3740044197085, 'lng': 4.896329169708497}}};Drink n Sink - Cafe Bar Amsterdam;2;4,2;Cafe;619;Warmoesstraat 58, Amsterdam;4.8898397;52.3730213
{'location': {'lat': 52.3749335, 'lng': 4.8906594}, 'viewport': {'northeast': {'lat': 52.3762444302915, 'lng': 4.892078730291502}, 'southwest': {'lat': 52.3735464697085, 'lng': 4.889380769708497}}};De Soepbar Spuistraat;;4,6;Special;110;Spuistraat 106, Amsterdam;4.89;52.37277779999999
{'location': {'lat': 52.37504149999999, 'lng': 4.898133}, 'viewport': {'northeast': {'lat': 52.3765898802915, 'lng': 4.899129780291501}, 'southwest': {'lat': 52.3738919197085, 'lng': 4.896431819708496}}};Churros and Crepes;;4;Sweet;13;Lange Niezel 6, Amsterdam;4.890025;52.374441
{'location': {'lat': 52.3751088, 'lng': 4.897876900000001}, 'viewport': {'northeast': {'lat': 52.3765646302915, 'lng': 4.898941530291503}, 'southwest': {'lat': 52.37386666970851, 'lng': 4.896243569708498}}};Amsterdam Sportsbar;;4,3;Bar;174;Warmoesstraat 67, Amsterdam;4.89021;52.3745401
{'location': {'lat': 52.3748776, 'lng': 4.898817600000001}, 'viewport': {'northeast': {'lat': 52.3762117302915, 'lng': 4.900363930291501}, 'southwest': {'lat': 52.3735137697085, 'lng': 4.897665969708497}}};Busy Lizzy Grill;;3,1;Grill;53;Lange Niezel 22G, Amsterdam;4.8902131;52.3737086
{'location': {'lat': 52.37515899999999, 'lng': 4.8977459}, 'viewport': {'northeast': {'lat': 52.3765793802915, 'lng': 4.898893730291503}, 'southwest': {'lat': 52.3738814197085, 'lng': 4.896195769708498}}};Grizzly American Restaurant;2;4,2;Grill;1293;Warmoesstraat 64-H, Amsterdam;4.8902131;52.3737086
{'location': {'lat': 52.3750867, 'lng': 4.8979363}, 'viewport': {'northeast': {'lat': 52.37656433029149, 'lng': 4.898953080291502}, 'southwest': {'lat': 52.37386636970849, 'lng': 4.896255119708497}}};De Bakkerswinkel;2;4,5;Cafe;395;Warmoesstraat 69, Amsterdam;4.8902186;52.3745248
{'location': {'lat': 52.3749346, 'lng': 4.8987775}, 'viewport': {'northeast': {'lat': 52.3762244802915, 'lng': 4.900328630291502}, 'southwest': {'lat': 52.3735265197085, 'lng': 4.897630669708497}}};Burger Fabriek;;4,2;Burger;1352;Lange Niezel 183, Amsterdam;4.8903201;52.373646
{'location': {'lat': 52.3752051, 'lng': 4.8976172}, 'viewport': {'northeast': {'lat': 52.3766209302915, 'lng': 4.898819980291502}, 'southwest': {'lat': 52.3739229697085, 'lng': 4.896122019708497}}};"""Old Bridge"" Sate en Snacks";;4,3;Fastfood;4;Oudebrugsteeg 3, Amsterdam;4.8903201;52.373646
{'location': {'lat': 52.3751529, 'lng': 4.898029000000001}, 'viewport': {'northeast': {'lat': 52.37664558029149, 'lng': 4.899024080291502}, 'southwest': {'lat': 52.3739476197085, 'lng': 4.896326119708498}}};Grill Donny;;3,8;Grill;123;Warmoesstraat 63, Amsterdam;4.8903201;52.373646
{'location': {'lat': 52.3751352, 'lng': 4.8982177}, 'viewport': {'northeast': {'lat': 52.3766189802915, 'lng': 4.899127480291502}, 'southwest': {'lat': 52.3739210197085, 'lng': 4.896429519708497}}};New York Pizza;2;3,8;Italian;440;Lange Niezel 4, Amsterdam;4.8903201;52.373646
{'location': {'lat': 52.37504149999999, 'lng': 4.898133}, 'viewport': {'northeast': {'lat': 52.3765898802915, 'lng': 4.899129780291501}, 'southwest': {'lat': 52.3738919197085, 'lng': 4.896431819708496}}};L'Amor Pizzeria/ Steakhouse B.V.;;1,8;Grill;15;Lange Niezel 6, Amsterdam;4.890378800000001;52.37429229999999
{'location': {'lat': 52.375018, 'lng': 4.898676}, 'viewport': {'northeast': {'lat': 52.37627603029149, 'lng': 4.900287430291502}, 'southwest': {'lat': 52.37357806970849, 'lng': 4.897589469708498}}};Cannibale Royale Lange Niezel;2;4,4;Grill;2162;Lange Niezel 15, Amsterdam;4.890467999999999;52.373621
{'location': {'lat': 52.37496549999999, 'lng': 4.898816699999999}, 'viewport': {'northeast': {'lat': 52.3762503802915, 'lng': 4.900358330291501}, 'southwest': {'lat': 52.3735524197085, 'lng': 4.897660369708497}}};Fabian Restaurant. Pizza Steak House;;4,1;Grill;40;Lange Niezel 19, Amsterdam;4.890467999999999;52.373621
{'location': {'lat': 52.3748319, 'lng': 4.898999999999999}, 'viewport': {'northeast': {'lat': 52.3761654302915, 'lng': 4.900457730291502}, 'southwest': {'lat': 52.3734674697085, 'lng': 4.897759769708498}}};China Sichuan Restaurant/Chengdu;2;4,1;Asian;419;Lange Niezel 24, Amsterdam;4.890467999999999;52.373621
{'location': {'lat': 52.3748774, 'lng': 4.898781}, 'viewport': {'northeast': {'lat': 52.3762165802915, 'lng': 4.900348230291502}, 'southwest': {'lat': 52.3735186197085, 'lng': 4.897650269708497}}};BurgerFabriek Express L.Niezel;;2,8;Burger;11;Lange Niezel 20h, Amsterdam;4.8906021;52.3740512
{'location': {'lat': 52.3750817, 'lng': 4.898346300000001}, 'viewport': {'northeast': {'lat': 52.3763012802915, 'lng': 4.900116230291502}, 'southwest': {'lat': 52.3736033197085, 'lng': 4.897418269708497}}};Burger & Pancake Bar;;3,4;Burger;10;Lange Niezel 7, Amsterdam;4.8906594;52.3749335
{'location': {'lat': 52.37485969999999, 'lng': 4.8988399}, 'viewport': {'northeast': {'lat': 52.3762064302915, 'lng': 4.900377680291502}, 'southwest': {'lat': 52.3735084697085, 'lng': 4.897679719708497}}};Pizzeria Bella Roma Amsterdam;;3,9;Italian;330;Lange Niezel 22G, Amsterdam;4.890692099999999;52.3740773
{'location': {'lat': 52.37491349999999, 'lng': 4.898707199999999}, 'viewport': {'northeast': {'lat': 52.37623118029151, 'lng': 4.900310180291502}, 'southwest': {'lat': 52.37353321970851, 'lng': 4.897612219708497}}};Madam Pancake;;4,4;Sweet;624;Lange Niezel 18, Amsterdam;4.8907131;52.3741918
{'location': {'lat': 52.3752237, 'lng': 4.8977963}, 'viewport': {'northeast': {'lat': 52.3766533802915, 'lng': 4.898957230291502}, 'southwest': {'lat': 52.3739554197085, 'lng': 4.896259269708497}}};I love churros;;5;Sweet;2;Warmoesstraat 62II, Amsterdam;4.890746699999998;52.37500579999999
{'location': {'lat': 52.3753815, 'lng': 4.8974845}, 'viewport': {'northeast': {'lat': 52.37673048029151, 'lng': 4.898833480291502}, 'southwest': {'lat': 52.37403251970851, 'lng': 4.896135519708498}}};Mr.Tom Snackbar;;3,2;Fastfood;59;Warmoesstraat 57, Amsterdam;4.890903900000001;52.3730129
{'location': {'lat': 52.3748966, 'lng': 4.890999}, 'viewport': {'northeast': {'lat': 52.3762651802915, 'lng': 4.892306380291503}, 'southwest': {'lat': 52.3735672197085, 'lng': 4.889608419708498}}};Lancheria Italiana Amsterdam;;;Indian;;Spuistraat 1011, Amsterdam;4.890999;52.3748966,
{'location': {'lat': 52.3752401, 'lng': 4.8924784}, 'viewport': {'northeast': {'lat': 52.3767979802915, 'lng': 4.894060930291502}, 'southwest': {'lat': 52.3741000197085, 'lng': 4.891362969708497}}};ITALIAANS RESTURANT;;2,9;Italian;34;Nieuwezijds Voorburgwal 85_, Amsterdam;4.891169299999999;52.3753041
{'location': {'lat': 52.3750238, 'lng': 4.892212799999998}, 'viewport': {'northeast': {'lat': 52.3763727802915, 'lng': 4.893561780291501}, 'southwest': {'lat': 52.3736748197085, 'lng': 4.890863819708496}}};Steak Burger;;2;Grill;1;Netherlands;4.891523400000001;52.37508589999999
{'location': {'lat': 52.37539039999999, 'lng': 4.893838499999999}, 'viewport': {'northeast': {'lat': 52.3767105302915, 'lng': 4.894554100000001}, 'southwest': {'lat': 52.3740125697085, 'lng': 4.891708499999999}}};La Zoccola del Pacioccone;2;4,5;Italian;2190;Nieuwe Nieuwstraat 22HS, Amsterdam;4.891591;52.37504999999999
{'location': {'lat': 52.3750118, 'lng': 4.8987627}, 'viewport': {'northeast': {'lat': 52.37626358029149, 'lng': 4.900321730291502}, 'southwest': {'lat': 52.37356561970849, 'lng': 4.897623769708497}}};Pizzeria steakhouse;;3,9;Grill;76;Lange Niezel 19, Amsterdam;4.8916058;52.3743533
{'location': {'lat': 52.3757432, 'lng': 4.891696400000001}, 'viewport': {'northeast': {'lat': 52.3770543802915, 'lng': 4.893124930291503}, 'southwest': {'lat': 52.3743564197085, 'lng': 4.890426969708498}}};NAKED SUSHI EVENTS;;4;Sushi;2;Spuistraat 74, Amsterdam;4.891696400000001;52.3757432
{'location': {'lat': 52.3761301, 'lng': 4.8917236}, 'viewport': {'northeast': {'lat': 52.3774531302915, 'lng': 4.893241880291503}, 'southwest': {'lat': 52.37475516970851, 'lng': 4.890543919708498}}};Tales & Spirits;3;4,6;Bar;1248;Lijnbaanssteeg 5-7, Amsterdam;4.8917236;52.3761301
{'location': {'lat': 52.3751459, 'lng': 4.898513699999999}, 'viewport': {'northeast': {'lat': 52.3763214302915, 'lng': 4.900181430291502}, 'southwest': {'lat': 52.3736234697085, 'lng': 4.897483469708497}}};Restaurant Kamasutra;2;4;Indian;407;Lange Niezel 9, Amsterdam;4.891738399999999;52.3744186
{'location': {'lat': 52.3749882, 'lng': 4.898914}, 'viewport': {'northeast': {'lat': 52.3762425802915, 'lng': 4.900386180291502}, 'southwest': {'lat': 52.3735446197085, 'lng': 4.897688219708497}}};Hongkong kitchen;;4,2;Asian;292;Lange Niezel 25HS, Amsterdam;4.8917511;52.37448869999999
{'location': {'lat': 52.3752449, 'lng': 4.8980969}, 'viewport': {'northeast': {'lat': 52.3766851302915, 'lng': 4.899070730291502}, 'southwest': {'lat': 52.3739871697085, 'lng': 4.896372769708497}}};Pimp Steak;;3,9;Grill;92;Warmoesstraat 59, Amsterdam;4.8917511;52.37448869999999
{'location': {'lat': 52.37448869999999, 'lng': 4.8917511}, 'viewport': {'northeast': {'lat': 52.3758686302915, 'lng': 4.893003230291501}, 'southwest': {'lat': 52.3731706697085, 'lng': 4.890305269708497}}};La Casa;;3;Italian;106;Nieuwezijds Voorburgwal 105, Amsterdam;4.8917511};52.37448869999999
{'location': {'lat': 52.3749213, 'lng': 4.899070699999999}, 'viewport': {'northeast': {'lat': 52.3762106302915, 'lng': 4.900468230291501}, 'southwest': {'lat': 52.3735126697085, 'lng': 4.897770269708497}}};Centra;2;4,3;Spanish;166;Lange Niezel 29, Amsterdam;4.891852200000001;52.3742505
{'location': {'lat': 52.3753102, 'lng': 4.8977194}, 'viewport': {'northeast': {'lat': 52.3766991802915, 'lng': 4.898870280291501}, 'southwest': {'lat': 52.3740012197085, 'lng': 4.896172319708496}}};Kabab Corner;;3,6;Kebap;78;Oudebrugsteeg 6, Amsterdam;4.8919733;52.3743099
{'location': {'lat': 52.3736593, 'lng': 4.8954609}, 'viewport': {'northeast': {'lat': 52.3750082802915, 'lng': 4.896809880291501}, 'southwest': {'lat': 52.3723103197085, 'lng': 4.894111919708497}}};Dam Steakhaus;;5;Grill;1;Warmoesstraat 170, Amsterdam;4.892002;52.3736992
{'location': {'lat': 52.3760262, 'lng': 4.8920905}, 'viewport': {'northeast': {'lat': 52.3773701302915, 'lng': 4.893537430291503}, 'southwest': {'lat': 52.3746721697085, 'lng': 4.890839469708498}}};Amour Bakery;;2,3;Sweet;114;3, Lijnbaanssteeg 1, Amsterdam;4.8920905;52.3760262
{'location': {'lat': 52.37614379999999, 'lng': 4.894243800000001}, 'viewport': {'northeast': {'lat': 52.37759328029149, 'lng': 4.895430380291502}, 'southwest': {'lat': 52.37489531970849, 'lng': 4.892732419708497}}};Humphrey's;2;4,3;Classic;859;Nieuwezijds Kolk 23, Amsterdam;4.892212799999998;52.3750238
{'location': {'lat': 52.3750411, 'lng': 4.8922496}, 'viewport': {'northeast': {'lat': 52.3762361302915, 'lng': 4.893346430291502}, 'southwest': {'lat': 52.3735381697085, 'lng': 4.890648469708498}}};Famous Burger;2;3,5;Burger;177;Nieuwezijds Voorburgwal 87, Amsterdam;4.892225100000001;52.3749828
{'location': {'lat': 52.3761355, 'lng': 4.892246699999999}, 'viewport': {'northeast': {'lat': 52.37745003029149, 'lng': 4.893661680291503}, 'southwest': {'lat': 52.37475206970849, 'lng': 4.890963719708498}}};The Yeti - Authentic Nepali & Indian Food;;4,8;Indian;45;Spuistraat 54D, Amsterdam;4.892246699999999;52.3761355
{'location': {'lat': 52.3761435, 'lng': 4.8941557}, 'viewport': {'northeast': {'lat': 52.3775910802915, 'lng': 4.895392630291502}, 'southwest': {'lat': 52.3748931197085, 'lng': 4.892694669708497}}};SunLight Lounge;;4,2;Special;29;Nieuwezijds Kolk 25, Amsterdam;4.8922496;52.3750411
{'location': {'lat': 52.3744581, 'lng': 4.889732}, 'viewport': {'northeast': {'lat': 52.3758113302915, 'lng': 4.891052480291502}, 'southwest': {'lat': 52.37311336970851, 'lng': 4.888354519708498}}};Ellis Gourmet Burger - Singel;;4;Burger;309;Singel 161A, Amsterdam;4.8923282;52.3736185
{'location': {'lat': 52.3741918, 'lng': 4.8907131}, 'viewport': {'northeast': {'lat': 52.37552853029149, 'lng': 4.892172180291501}, 'southwest': {'lat': 52.37283056970849, 'lng': 4.889474219708497}}};Snackbar De Mol;;4,3;Fastfood;85;Molsteeg 4-6, Amsterdam;4.8923282;52.3736185
{'location': {'lat': 52.374441, 'lng': 4.890025}, 'viewport': {'northeast': {'lat': 52.3757745802915, 'lng': 4.891473930291502}, 'southwest': {'lat': 52.3730766197085, 'lng': 4.888775969708497}}};Theater Restaurant 't Sluisje;2;4,5;Special;169;Torensteeg 1, Amsterdam;4.8924467;52.3742057
{'location': {'lat': 52.3737086, 'lng': 4.8902131}, 'viewport': {'northeast': {'lat': 52.3750162802915, 'lng': 4.891777530291503}, 'southwest': {'lat': 52.3723183197085, 'lng': 4.889079569708498}}};Ta Toru;;4,6;Classic;43;Nieuwezijds Voorburgwal 182I, Amsterdam;4.8924513;52.3736747
{'location': {'lat': 52.376161, 'lng': 4.893852}, 'viewport': {'northeast': {'lat': 52.37758788029149, 'lng': 4.895277330291502}, 'southwest': {'lat': 52.37488991970849, 'lng': 4.892579369708498}}};Mortimer;;4,7;Classic;175;Nieuwezijds Kolk 33, Amsterdam;4.8924784;52.3752401
{'location': {'lat': 52.37429229999999, 'lng': 4.890378800000001}, 'viewport': {'northeast': {'lat': 52.37565608029149, 'lng': 4.891648730291502}, 'southwest': {'lat': 52.37295811970849, 'lng': 4.888950769708498}}};Cocotte;2;4,5;Sweet;494;Spuistraat 127, Amsterdam;4.892517799999998;52.3742133
{'location': {'lat': 52.3745248, 'lng': 4.8902186}, 'viewport': {'northeast': {'lat': 52.37584728029149, 'lng': 4.891630780291503}, 'southwest': {'lat': 52.3731493197085, 'lng': 4.888932819708498}}};Italian Restaurant And bar;;4,4;Italian;46;Amsterdam;4.892517799999998;52.3742133
{'location': {'lat': 52.3768809, 'lng': 4.894265}, 'viewport': {'northeast': {'lat': 52.3781922302915, 'lng': 4.895654930291503}, 'southwest': {'lat': 52.3754942697085, 'lng': 4.892956969708498}}};Moti Mahal Restaurant;2;4,1;Indian;618;Nieuwezijds Voorburgwal 34, Amsterdam;4.892545800000001;52.3748657
{'location': {'lat': 52.3748657, 'lng': 4.892545800000001}, 'viewport': {'northeast': {'lat': 52.3761598802915, 'lng': 4.893481780291503}, 'southwest': {'lat': 52.3734619197085, 'lng': 4.890783819708498}}};Kaagman & Kortekaas;3;4,5;Classic;283;Sint Nicolaasstraat 43, Amsterdam;4.892545800000001;52.3748657 
{'location': {'lat': 52.3745401, 'lng': 4.89021}, 'viewport': {'northeast': {'lat': 52.3758588802915, 'lng': 4.891630980291502}, 'southwest': {'lat': 52.3731609197085, 'lng': 4.888933019708498}}};Spuistraat 122 - Italian Restaurant;2;4,4;Italian;298;Spuistraat 122, Amsterdam;4.8926222;52.3743183
{'location': {'lat': 52.3740773, 'lng': 4.890692099999999}, 'viewport': {'northeast': {'lat': 52.3754014302915, 'lng': 4.892126580291502}, 'southwest': {'lat': 52.3727034697085, 'lng': 4.889428619708498}}};Restaurant Hulscher's;;4,3;Classic;147;Nieuwezijds Voorburgwal 178, Amsterdam;4.892679100000001;52.3742319
{'location': {'lat': 52.3766982, 'lng': 4.893547499999999}, 'viewport': {'northeast': {'lat': 52.3780471802915, 'lng': 4.894896480291502}, 'southwest': {'lat': 52.3753492197085, 'lng': 4.892198519708497}}};Burger House Amsterdam;;4,4;Burger;34;Korte, Kolksteeg 5H, Amsterdam;4.892944300000001;52.375468
{'location': {'lat': 52.37568109999999, 'lng': 4.893206300000001}, 'viewport': {'northeast': {'lat': 52.3770898302915, 'lng': 4.894493580291503}, 'southwest': {'lat': 52.3743918697085, 'lng': 4.891795619708498}}};Angus American Steakhouse;2;4,2;Grill;737;Nieuwezijds Voorburgwal 61, Amsterdam;4.893206300000000;52.37568109999999
{'location': {'lat': 52.3757785, 'lng': 4.893320199999999}, 'viewport': {'northeast': {'lat': 52.3771367302915, 'lng': 4.894554580291502}, 'southwest': {'lat': 52.3744387697085, 'lng': 4.891856619708498}}};Tapasbar & Restaurant Village;;2;Tapas;4;Nieuwezijds Voorburgwal 59, Amsterdam;4.893320199999999},;52.3757785
{'location': {'lat': 52.3757806, 'lng': 4.8933374}, 'viewport': {'northeast': {'lat': 52.3771399302915, 'lng': 4.894559530291502}, 'southwest': {'lat': 52.3744419697085, 'lng': 4.891861569708498}}};Bagels Sandwich Village;;3,8;Sandwhich;195;Nieuwezijds Voorburgwal 59, Amsterdam;4.8933374;52.3757806
{'location': {'lat': 52.3759021, 'lng': 4.893448099999999}, 'viewport': {'northeast': {'lat': 52.3771887302915, 'lng': 4.894635430291502}, 'southwest': {'lat': 52.3744907697085, 'lng': 4.891937469708497}}};Cafe Baileys Place;;3,7;Cafe;3;Nieuwezijds Voorburgwal 53, Amsterdam;4.893448099999999;52.3759021
{'location': {'lat': 52.3759024, 'lng': 4.8935039}, 'viewport': {'northeast': {'lat': 52.37719733029149, 'lng': 4.894648780291502}, 'southwest': {'lat': 52.3744993697085, 'lng': 4.891950819708498}}};Palmyra Syrian Restaurant;;4,8;Special;222;Nieuwezijds Voorburgwal 53H, Amsterdam;4.8935039;52.3759024
{'location': {'lat': 52.37609440000001, 'lng': 4.8937126}, 'viewport': {'northeast': {'lat': 52.37755498029149, 'lng': 4.895200980291502}, 'southwest': {'lat': 52.3748570197085, 'lng': 4.892503019708498}}};Grill Restaurant The King;;4,4;Grill;45;Nieuwezijds Voorburgwal 41-43, Amsterdam;4.8937126;52.37609440000001
{'location': {'lat': 52.375468, 'lng': 4.892944300000001}, 'viewport': {'northeast': {'lat': 52.3768744802915, 'lng': 4.894204480291502}, 'southwest': {'lat': 52.3741765197085, 'lng': 4.891506519708498}}};INK Hotel Amsterdam - MGallery;;4,6;Hotel;1385;Nieuwezijds Voorburgwal 67, Amsterdam;4.8938146;52.37614629999999
{'location': {'lat': 52.37614629999999, 'lng': 4.8938146}, 'viewport': {'northeast': {'lat': 52.37749528029149, 'lng': 4.895163580291502}, 'southwest': {'lat': 52.3747973197085, 'lng': 4.892465619708498}}};English Breakfast Grill Restaurant;;5;Grill;3;Netherlands;4.893818499999999;52.3760971
{'location': {'lat': 52.3753041, 'lng': 4.891169299999999}, 'viewport': {'northeast': {'lat': 52.3766200802915, 'lng': 4.892587730291503}, 'southwest': {'lat': 52.3739221197085, 'lng': 4.889889769708498}}};Maenaam Thai Restaurant;2;4,5;Asian;601;Spuistraat 90A, Amsterdam;4.893838499999999;52.37539039999999
{'location': {'lat': 52.3760971, 'lng': 4.893818499999999}, 'viewport': {'northeast': {'lat': 52.37757203029149, 'lng': 4.895227480291502}, 'southwest': {'lat': 52.3748740697085, 'lng': 4.892529519708497}}};OMG! Burger;;4,4;Burger;43;Nieuwezijds Voorburgwal 41 41-43, Amsterdam;4.893852;52.376161
{'location': {'lat': 52.37508589999999, 'lng': 4.891523400000001}, 'viewport': {'northeast': {'lat': 52.37639453029149, 'lng': 4.892997330291502}, 'southwest': {'lat': 52.37369656970849, 'lng': 4.890299369708498}}};Ponte Vecchio;;3,9;Italian;162;Nieuwezijds Voorburgwal 136, Amsterdam;4.893972299999999;52.3753669
{'location': {'lat': 52.3753712, 'lng': 4.893129399999999}, 'viewport': {'northeast': {'lat': 52.3768745302915, 'lng': 4.894326530291502}, 'southwest': {'lat': 52.3741765697085, 'lng': 4.891628569708497}}};PRESSROOM Amsterdam;;4,3;Classic;107;Nieuwezijds Voorburgwal 67, Amsterdam;4.8941557;52.3761435
{'location': {'lat': 52.3749828, 'lng': 4.892225100000001}, 'viewport': {'northeast': {'lat': 52.3763633302915, 'lng': 4.893546730291502}, 'southwest': {'lat': 52.3736653697085, 'lng': 4.890848769708497}}};Café Bar Tetra;;4,3;Cafe;32;Nieuwezijds Voorburgwal 89, Amsterdam;4.894265;52.3768809
{'location': {'lat': 52.3776779, 'lng': 4.8959955}, 'viewport': {'northeast': {'lat': 52.3790783802915, 'lng': 4.897372130291503}, 'southwest': {'lat': 52.3763804197085, 'lng': 4.894674169708498}}};Wyers;;4,2;Classic;226;Nieuwendijk 60, Amsterdam;4.894483;52.37875709999999
{'location': {'lat': 52.37504999999999, 'lng': 4.891591}, 'viewport': {'northeast': {'lat': 52.37637108029149, 'lng': 4.893026330291502}, 'southwest': {'lat': 52.3736731197085, 'lng': 4.890328369708498}}};Il Centro Amsterdam;;4,2;Italian;74;Nieuwezijds Voorburgwal 134, Amsterdam;4.894597300000001;52.3760554
{'location': {'lat': 52.3779449, 'lng': 4.8957533}, 'viewport': {'northeast': {'lat': 52.3792552302915, 'lng': 4.897178980291502}, 'southwest': {'lat': 52.37655726970851, 'lng': 4.894481019708497}}};Restaurant Ava Cyril;2;4,1;Italian;507;Nieuwendijk 46, Amsterdam;4.894663399999999;52.37882229999999
{'location': {'lat': 52.3776279, 'lng': 4.896246200000001}, 'viewport': {'northeast': {'lat': 52.37904263029149, 'lng': 4.897490430291502}, 'southwest': {'lat': 52.3763446697085, 'lng': 4.894792469708498}}};Istanbul Grill Restaurant;2;3,7;Grill;960;Nieuwendijk 51, Amsterdam;4.894675599999999;52.37877020000001
{'location': {'lat': 52.37835450000001, 'lng': 4.8955695}, 'viewport': {'northeast': {'lat': 52.3795961802915, 'lng': 4.896676980291502}, 'southwest': {'lat': 52.3768982197085, 'lng': 4.893979019708497}}};Blarney Stone;2;4,3;Bar;534;Nieuwendijk 29, Amsterdam;4.894805000000001;52.378911
{'location': {'lat': 52.3780004, 'lng': 4.895858199999999}, 'viewport': {'northeast': {'lat': 52.37927673029149, 'lng': 4.897217230291502}, 'southwest': {'lat': 52.3765787697085, 'lng': 4.894519269708497}}};Kabab Falafeel (halal);;2,6;Kebap;39;Nieuwendijk 45, Amsterdam;4.8949851;52.3787473
{'location': {'lat': 52.37752069999999, 'lng': 4.897419600000001}, 'viewport': {'northeast': {'lat': 52.37912033029149, 'lng': 4.898676380291501}, 'southwest': {'lat': 52.37642236970849, 'lng': 4.895978419708497}}};Mr. Rabbit Amsterdam;;4,5;Bar;242;Prins Hendrikkade 34-35, Amsterdam;4.895042;52.37866229999999
{'location': {'lat': 52.3795976, 'lng': 4.8971081}, 'viewport': {'northeast': {'lat': 52.38084533029149, 'lng': 4.898433480291502}, 'southwest': {'lat': 52.37814736970849, 'lng': 4.895735519708498}}};Hotel ibis Amsterdam Centre;;3,9;Hotel;3522;Stationsplein 49, Amsterdam;4.895116199999999;52.37866839999999
{'location': {'lat': 52.3778337, 'lng': 4.8966096}, 'viewport': {'northeast': {'lat': 52.3792257302915, 'lng': 4.897935730291502}, 'southwest': {'lat': 52.3765277697085, 'lng': 4.895237769708499}}};Restaurante Argentino;;5;Grill;2;Martelaarsgracht 7-2hg, Amsterdam;4.8952114;52.378943
{'location': {'lat': 52.37781709999999, 'lng': 4.8967114}, 'viewport': {'northeast': {'lat': 52.3792257302915, 'lng': 4.898028680291502}, 'southwest': {'lat': 52.3765277697085, 'lng': 4.895330719708498}}};San Thomas - MG;2;3,9;Grill;227;Martelaarsgracht 7, Amsterdam;4.895338;52.378187
{'location': {'lat': 52.3761466, 'lng': 4.8949048}, 'viewport': {'northeast': {'lat': 52.3775984302915, 'lng': 4.895766830291502}, 'southwest': {'lat': 52.3749004697085, 'lng': 4.893068869708498}}};Ava Thomas;;2,3;Classic;87;Nieuwezijds Kolk 3, Amsterdam;4.895348200000001;52.3785128
{'location': {'lat': 52.3743447, 'lng': 4.896026099999999}, 'viewport': {'northeast': {'lat': 52.37573958029149, 'lng': 4.897305380291502}, 'southwest': {'lat': 52.3730416197085, 'lng': 4.894607419708497}}};Cut Throat Barber & Coffee;;4,4;Cafe;613;Beursplein 5, Amsterdam;4.8954609;52.3743447
{'location': {'lat': 52.3778732, 'lng': 4.8968829}, 'viewport': {'northeast': {'lat': 52.3792918802915, 'lng': 4.898331430291502}, 'southwest': {'lat': 52.3765939197085, 'lng': 4.895633469708498}}};Art'otel Amsterdam;;4,5;Hotle;1074;Prins Hendrikkade 33, Amsterdam;4.895466;52.378052
{'location': {'lat': 52.3761765, 'lng': 4.8947277}, 'viewport': {'northeast': {'lat': 52.3775970802915, 'lng': 4.895679180291503}, 'southwest': {'lat': 52.3748991197085, 'lng': 4.892981219708498}}};GreenTea DimSum Bar.NL;;4,1;Asian;131;Nieuwezijds Kolk 11, Amsterdam;4.8955695;52.37835450000001
{'location': {'lat': 52.3774751, 'lng': 4.8937032}, 'viewport': {'northeast': {'lat': 52.3788456802915, 'lng': 4.895069630291503}, 'southwest': {'lat': 52.3761477197085, 'lng': 4.892371669708498}}};Il Pacioccone;3;4,2;Italian;684;Koggestraat 1A, Amsterdam;4.8955765;52.3782637
{'location': {'lat': 52.3763411, 'lng': 4.894792199999999}, 'viewport': {'northeast': {'lat': 52.3776871802915, 'lng': 4.895710980291502}, 'southwest': {'lat': 52.3749892197085, 'lng': 4.893013019708498}}};Delicious Wrap Kebab Restaurant;;2,1;Kebap;11;Nieuwezijds Kolk 12H, Amsterdam;4.895699;52.3779906
{'location': {'lat': 52.37650359999999, 'lng': 4.89476}, 'viewport': {'northeast': {'lat': 52.37789073029149, 'lng': 4.895871080291503}, 'southwest': {'lat': 52.37519276970849, 'lng': 4.893173119708498}}};TerraZen Centre;2;4,4;Special;788;Sint Jacobsstraat 19HS, Amsterdam;4.8957533;52.3779449
{'location': {'lat': 52.37636699999999, 'lng': 4.894638899999999}, 'viewport': {'northeast': {'lat': 52.37768768029149, 'lng': 4.895633980291502}, 'southwest': {'lat': 52.37498971970849, 'lng': 4.892936019708499}}};Formosa Argentina;2;4,2;Grill;236;Nieuwezijds Kolk 16, Amsterdam;4.895858199999999;52.3780004
{'location': {'lat': 52.3778467, 'lng': 4.886766199999999}, 'viewport': {'northeast': {'lat': 52.3792074802915, 'lng': 4.888125980291502}, 'southwest': {'lat': 52.3765095197085, 'lng': 4.885428019708497}}};Simz Exotic Food;;4,4;Fastfood;32;Prinsenstraat 19H, Amsterdam;4.895918000000001;52.3741849
{'location': {'lat': 52.37720909999999, 'lng': 4.8943844}, 'viewport': {'northeast': {'lat': 52.3785910302915, 'lng': 4.895686930291502}, 'southwest': {'lat': 52.3758930697085, 'lng': 4.892988969708497}}};TDQ Steaks;;4,4;Grill;982;Spuistraat 3C-D, Amsterdam;4.8959955;52.3776779
{'location': {'lat': 52.37709929999999, 'lng': 4.8941765}, 'viewport': {'northeast': {'lat': 52.37848133029149, 'lng': 4.895478830291502}, 'southwest': {'lat': 52.37578336970849, 'lng': 4.892780869708497}}};Ashoka - Amsterdam Centrum;2;4,4;Indian;1024;Spuistraat 3G, Amsterdam;4.8960007;52.3779577
{'location': {'lat': 52.380653, 'lng': 4.884510999999999}, 'viewport': {'northeast': {'lat': 52.38204623029149, 'lng': 4.885843230291502}, 'southwest': {'lat': 52.37934826970849, 'lng': 4.883145269708498}}};G's – A Really Nice Place;;4,4;Classic;362;Goudsbloemstraat 91, Amsterdam;4.896026099999999;52.3743447
{'location': {'lat': 52.3758, 'lng': 4.891298}, 'viewport': {'northeast': {'lat': 52.3771809302915, 'lng': 4.892565130291502}, 'southwest': {'lat': 52.3744829697085, 'lng': 4.889867169708498}}};Greenwoods Singel;2;4,6;Classic;1438;Singel 103, Amsterdam;4.896026099999999;52.3758
{'location': {'lat': 52.3748701, 'lng': 4.8920721}, 'viewport': {'northeast': {'lat': 52.3761506302915, 'lng': 4.893257580291502}, 'southwest': {'lat': 52.3734526697085, 'lng': 4.890559619708498}}};Café Restaurant St.George;;4,3;Cafe;119;Nieuwezijds Voorburgwal 93, Amsterdam;4.8960758;52.3780002
{'location': {'lat': 52.37759399999999, 'lng': 4.886234999999999}, 'viewport': {'northeast': {'lat': 52.37896698029149, 'lng': 4.887514130291502}, 'southwest': {'lat': 52.3762690197085, 'lng': 4.884816169708498}}};The Pancake Bakery;2;4,3;Sweet;5638;Prinsengracht 191, Amsterdam;4.8961404;52.37397490000001
{'location': {'lat': 52.37638889999999, 'lng': 4.894722199999999}, 'viewport': {'northeast': {'lat': 52.37769673029149, 'lng': 4.895675530291502}, 'southwest': {'lat': 52.37499876970849, 'lng': 4.892977569708497}}};Restaurant Mama Maria - Mexican & Steak;2;3,7;Mexican;242;Netherlands, Nieuwezijds Kolk 14, Amsterdam;4.896180500000001;52.3777175
{'location': {'lat': 52.3762748, 'lng': 4.8947911}, 'viewport': {'northeast': {'lat': 52.37764713029149, 'lng': 4.895710230291502}, 'southwest': {'lat': 52.37494916970849, 'lng': 4.893012269708498}}};Wrap Time;;4,8;Special;4;Nieuwezijds Kolk 12, Amsterdam;4.896246200000001;52.3776279
{'location': {'lat': 52.3777801, 'lng': 4.896516699999999}, 'viewport': {'northeast': {'lat': 52.37918468029149, 'lng': 4.897829030291502}, 'southwest': {'lat': 52.3764867197085, 'lng': 4.895131069708497}}};San Tommaso - MG;;3,8;Italian;252;Martelaarsgracht 9, Amsterdam;4.8963316;52.377349
{'location': {'lat': 52.37743, 'lng': 4.88157}, 'viewport': {'northeast': {'lat': 52.37876508029149, 'lng': 4.882926880291501}, 'southwest': {'lat': 52.37606711970849, 'lng': 4.880228919708497}}};La Trattoria Di Donna Sofia;;4,4;Italian;172;Anjeliersstraat 300, Amsterdam;4.89635;52.373925
{'location': {'lat': 52.37716459999999, 'lng': 4.8944154}, 'viewport': {'northeast': {'lat': 52.3785639802915, 'lng': 4.895693280291503}, 'southwest': {'lat': 52.3758660197085, 'lng': 4.892995319708498}}};Toro Dorado;;4,4;Grill;23;Spuistraat 3d, Amsterdam;4.8963806;52.3775004
{'location': {'lat': 52.37717119999999, 'lng': 4.8943658}, 'viewport': {'northeast': {'lat': 52.37856118029149, 'lng': 4.895656930291502}, 'southwest': {'lat': 52.37586321970849, 'lng': 4.892958969708498}}};Gauchos Amsterdam;2;4,2;Grill;404;Spuistraat 3E, Amsterdam;4.896388899999999;52.3775
{'location': {'lat': 52.3778667, 'lng': 4.8970009}, 'viewport': {'northeast': {'lat': 52.3792788302915, 'lng': 4.898316330291502}, 'southwest': {'lat': 52.3765808697085, 'lng': 4.895618369708497}}};5&33;3;4,2;Special;553;Martelaarsgracht 5, Amsterdam;4.896396699999999;52.3774811
{'location': {'lat': 52.376101, 'lng': 4.8947583}, 'viewport': {'northeast': {'lat': 52.3775757302915, 'lng': 4.895693580291502}, 'southwest': {'lat': 52.3748777697085, 'lng': 4.892995619708498}}};La Colina;;3,5;Italian;61;Nieuwezijds Kolk 9, Amsterdam;4.8965088;52.3775472
{'location': {'lat': 52.3748657, 'lng': 4.892545800000001}, 'viewport': {'northeast': {'lat': 52.3761598802915, 'lng': 4.893481780291503}, 'southwest': {'lat': 52.3734619197085, 'lng': 4.890783819708498}}};Kaagman & Kortekaas;3;4,5;Classic;282;Sint Nicolaasstraat 43, Amsterdam;4.896516699999999;52.3777801
{'location': {'lat': 52.378943, 'lng': 4.8952114}, 'viewport': {'northeast': {'lat': 52.3803686302915, 'lng': 4.896471730291503}, 'southwest': {'lat': 52.3776706697085, 'lng': 4.893773769708498}}};Del Gusto pizzeria-steakhouse;;2,3;Grill;29;Prins Hendrikkade 6, Amsterdam;4.8965839;52.37676959999999
{'location': {'lat': 52.3753669, 'lng': 4.893972299999999}, 'viewport': {'northeast': {'lat': 52.37685733029149, 'lng': 4.894788530291502}, 'southwest': {'lat': 52.3741593697085, 'lng': 4.892090569708497}}};Cuddle Pub;2;4,6;Bar;419;Nieuwe Nieuwstraat 20HS, Amsterdam;4.8966096;52.3778337
{'location': {'lat': 52.3804504, 'lng': 4.8842979}, 'viewport': {'northeast': {'lat': 52.3817896802915, 'lng': 4.885586930291502}, 'southwest': {'lat': 52.3790917197085, 'lng': 4.882888969708497}}};Snackbar Aggie;;4;Fastfood;44;Tweede Goudsbloemdwarsstraat 23, Amsterdam;4.8966737;52.37420359999999
{'location': {'lat': 52.3773318, 'lng': 4.881821}, 'viewport': {'northeast': {'lat': 52.3787205802915, 'lng': 4.883116580291502}, 'southwest': {'lat': 52.37602261970851, 'lng': 4.880418619708498}}};Smoked Crispy Bacon Sandwich House;1;4,9;Sandwhich;168;Tweede Tuindwarsstraat 3A, Amsterdam;4.896694399999999;52.3741925
{'location': {'lat': 52.38033689999999, 'lng': 4.884328099999999}, 'viewport': {'northeast': {'lat': 52.3816424802915, 'lng': 4.885694080291501}, 'southwest': {'lat': 52.3789445197085, 'lng': 4.882996119708497}}};MiDO's Food · Drinks · Catering;;5;Special;2;Lindengracht 158, Amsterdam;4.896919199999999;52.3739037
{'location': {'lat': 52.3760554, 'lng': 4.894597300000001}, 'viewport': {'northeast': {'lat': 52.37755293029149, 'lng': 4.895613080291502}, 'southwest': {'lat': 52.37485496970849, 'lng': 4.892915119708498}}};Five Bells Bar Restaurant;2;3;Grill;464;Nieuwezijds Kolk 17, Amsterdam;4.8971081;52.3795976
{'location': {'lat': 52.3778981, 'lng': 4.895761099999999}, 'viewport': {'northeast': {'lat': 52.3792247302915, 'lng': 4.897200780291501}, 'southwest': {'lat': 52.3765267697085, 'lng': 4.894502819708497}}};FEBO;1;4,2;Fastfood;805;Nieuwendijk 50, Amsterdam;4.8971456;52.3768702
{'location': {'lat': 52.380478, 'lng': 4.884074999999999}, 'viewport': {'northeast': {'lat': 52.3818395802915, 'lng': 4.885458830291501}, 'southwest': {'lat': 52.3791416197085, 'lng': 4.882760869708497}}};Som Tam Thai;2;4,3;Asian;100;Tweede Goudsbloemdwarsstraat 24 H, Amsterdam;4.897148;52.37456599999999
{'location': {'lat': 52.380143, 'lng': 4.885272499999999}, 'viewport': {'northeast': {'lat': 52.38154008029149, 'lng': 4.886603880291502}, 'southwest': {'lat': 52.37884211970849, 'lng': 4.883905919708497}}};Magnani Amsterdam;;4,9;Sandwhich;8;Lindengracht 79, Amsterdam;4.8971558;52.3744303
{'location': {'lat': 52.37756429999999, 'lng': 4.881554}, 'viewport': {'northeast': {'lat': 52.37884593029149, 'lng': 4.882970580291502}, 'southwest': {'lat': 52.3761479697085, 'lng': 4.880272619708498}}};Kam Wah;1;4,6;Asian;74;Tweede Anjeliersdwarsstraat 18, Amsterdam;4.8971705;52.3744303
{'location': {'lat': 52.3775472, 'lng': 4.8965088}, 'viewport': {'northeast': {'lat': 52.3789751802915, 'lng': 4.897608430291502}, 'southwest': {'lat': 52.37627721970851, 'lng': 4.894910469708497}}};Marina;;3,1;Italian;106;Nieuwendijk 55, Amsterdam;4.897192299999999;52.37691369999999
{'location': {'lat': 52.3777175, 'lng': 4.896180500000001}, 'viewport': {'northeast': {'lat': 52.3791245802915, 'lng': 4.897567730291502}, 'southwest': {'lat': 52.3764266197085, 'lng': 4.894869769708499}}};Hotel Jimmy;;2,8;Hotel;101;Martelaarsgracht 15, Amsterdam;4.897200600000001;52.37695610000001
{'location': {'lat': 52.377246, 'lng': 4.8818686}, 'viewport': {'northeast': {'lat': 52.3786719802915, 'lng': 4.883163030291501}, 'southwest': {'lat': 52.3759740197085, 'lng': 4.880465069708497}}};Snackbar Twins;;3,9;Fastfood;45;Tweede Tuindwarsstraat 9, Amsterdam;4.897345500000001;52.3747711
{'location': {'lat': 52.3771444, 'lng': 4.884261}, 'viewport': {'northeast': {'lat': 52.3784697302915, 'lng': 4.885623880291501}, 'southwest': {'lat': 52.3757717697085, 'lng': 4.882925919708496}}};Mr Haz Taco Bar;2;4,3;Mexican;307;Egelantiersstraat 24, Amsterdam;4.897390800000001;52.37398090000001
{'location': {'lat': 52.3747711, 'lng': 4.897345500000001}, 'viewport': {'northeast': {'lat': 52.37601998029149, 'lng': 4.898109630291502}, 'southwest': {'lat': 52.37332201970849, 'lng': 4.895411669708498}}};Wok To Walk;1;4,3;Asian;1586;Warmoesstraat 85, Amsterdam;4.897418399999999;52.3752441
{'location': {'lat': 52.3748701, 'lng': 4.8920721}, 'viewport': {'northeast': {'lat': 52.3761506302915, 'lng': 4.893257580291502}, 'southwest': {'lat': 52.3734526697085, 'lng': 4.890559619708498}}};St.George;;3,9;Classic;175;Nieuwezijds Voorburgwal 93, Amsterdam;4.897419600000001;52.37752069999999
{'location': {'lat': 52.38014030000001, 'lng': 4.8853789}, 'viewport': {'northeast': {'lat': 52.38154668029151, 'lng': 4.886715130291503}, 'southwest': {'lat': 52.37884871970851, 'lng': 4.884017169708498}}};Toscanini;2;4,3;Italian;511;Lindengracht 75, Amsterdam;4.897499999999999;52.373497
{'location': {'lat': 52.3771437, 'lng': 4.881825200000001}, 'viewport': {'northeast': {'lat': 52.3784171302915, 'lng': 4.883220280291503}, 'southwest': {'lat': 52.3757191697085, 'lng': 4.880522319708499}}};Cafè & Restaurant Jordania;;4,7;Cafe;3;Tweede Tuindwarsstraat 10, Amsterdam;4.8975484;52.3749213
{'location': {'lat': 52.3774811, 'lng': 4.896396699999999}, 'viewport': {'northeast': {'lat': 52.3789676802915, 'lng': 4.897564830291501}, 'southwest': {'lat': 52.3762697197085, 'lng': 4.894866869708497}}};Steakhouse Marina;;4,7;Grill;3;Nieuwendijk 55III, Amsterdam;4.8975788;52.37676690000001
{'location': {'lat': 52.3775, 'lng': 4.896388899999999}, 'viewport': {'northeast': {'lat': 52.3789753802915, 'lng': 4.897556530291502}, 'southwest': {'lat': 52.3762774197085, 'lng': 4.894858569708497}}};Pasta Grill Marina;;3,5;Italian;110;Nieuwendijk 55, Amsterdam;4.8976143;52.3768354
{'location': {'lat': 52.3741925, 'lng': 4.896694399999999}, 'viewport': {'northeast': {'lat': 52.3757427302915, 'lng': 4.897763380291502}, 'southwest': {'lat': 52.3730447697085, 'lng': 4.895065419708498}}};CowFish;;3,6;Classic;24;Warmoesstraat 111, Amsterdam;4.8976172;52.3752051
{'location': {'lat': 52.3778188, 'lng': 4.8814226}, 'viewport': {'northeast': {'lat': 52.37924298029149, 'lng': 4.882768930291502}, 'southwest': {'lat': 52.3765450197085, 'lng': 4.880070969708497}}};La Maschera Lillo Tatini;;4,4;Italian;184;Tweede Anjeliersdwarsstraat 6-HS, Amsterdam;4.897659099999999;52.3736854
{'location': {'lat': 52.3782637, 'lng': 4.8955765}, 'viewport': {'northeast': {'lat': 52.3795507802915, 'lng': 4.896691430291501}, 'southwest': {'lat': 52.3768528197085, 'lng': 4.893993469708497}}};La Madonna;2;3,3;Italian;473;Nieuwendijk 33, Amsterdam;4.897677499999999;52.3769048
{'location': {'lat': 52.3771222, 'lng': 4.881802700000001}, 'viewport': {'northeast': {'lat': 52.3784099802915, 'lng': 4.883224680291502}, 'southwest': {'lat': 52.3757120197085, 'lng': 4.880526719708498}}};La Fiorita;;4,7;Italian;88;Tweede Tuindwarsstraat 12 H, Amsterdam;4.897679;52.3749268
{'location': {'lat': 52.3794825, 'lng': 4.880643200000001}, 'viewport': {'northeast': {'lat': 52.3808365302915, 'lng': 4.881935030291502}, 'southwest': {'lat': 52.3781385697085, 'lng': 4.879237069708497}}};Moods Coffee Corner;;4,6;Cafe;276;Lindengracht 249, Amsterdam;4.8977078;52.3749808
{'location': {'lat': 52.37358140000001, 'lng': 4.899000799999999}, 'viewport': {'northeast': {'lat': 52.3749120802915, 'lng': 4.900395180291501}, 'southwest': {'lat': 52.3722141197085, 'lng': 4.897697219708498}}};Mr. Bosco - Sweets And Treats;;4,6;Sweet;11;Oudezijds Achterburgwal 64, Amsterdam;4.897718500000001;52.3752986
{'location': {'lat': 52.3749808, 'lng': 4.8977078}, 'viewport': {'northeast': {'lat': 52.37645038029149, 'lng': 4.898791730291502}, 'southwest': {'lat': 52.3737524197085, 'lng': 4.896093769708498}}};De Burgerfabriek;2;4,2;Burger;1352;Warmoesstraat 73HS, Amsterdam;4.8977194;52.3753102
{'location': {'lat': 52.3736854, 'lng': 4.897659099999999}, 'viewport': {'northeast': {'lat': 52.3750039802915, 'lng': 4.899065480291501}, 'southwest': {'lat': 52.3723060197085, 'lng': 4.896367519708496}}};The Bulldog;;4,1;Cafe;62;Oudezijds Voorburgwal 90, Amsterdam;4.8977459;52.37515899999999
{'location': {'lat': 52.3779577, 'lng': 4.8960007}, 'viewport': {'northeast': {'lat': 52.3792656302915, 'lng': 4.897380430291502}, 'southwest': {'lat': 52.3765676697085, 'lng': 4.894682469708497}}};Burger House;2;3,6;Burger;469;Martelaarsgracht 24, Amsterdam;4.8977789;52.3770969
{'location': {'lat': 52.377929, 'lng': 4.886896000000001}, 'viewport': {'northeast': {'lat': 52.3792493802915, 'lng': 4.888218880291503}, 'southwest': {'lat': 52.3765514197085, 'lng': 4.885520919708498}}};restaurant de twee grieken;;4;Greek;181;Prinsenstraat 20HS, Amsterdam;4.897876900000001;52.3751088
{'location': {'lat': 52.3746403, 'lng': 4.898908200000001}, 'viewport': {'northeast': {'lat': 52.37596918029149, 'lng': 4.900304030291503}, 'southwest': {'lat': 52.37327121970849, 'lng': 4.897606069708498}}};Favorite Chicken & Ribs;1;4,2;Grill;292;Oudezijds Voorburgwal 64, Amsterdam;4.897882399999999;52.3753438
{'location': {'lat': 52.38015180000001, 'lng': 4.881170200000001}, 'viewport': {'northeast': {'lat': 52.3815007802915, 'lng': 4.882519180291503}, 'southwest': {'lat': 52.3788028197085, 'lng': 4.879821219708498}}};The Mansion Club;;5;Classic;6;Goudsbloemstraat 207-211, Amsterdam;4.8979363;52.3750867
{'location': {'lat': 52.3746117, 'lng': 4.898705}, 'viewport': {'northeast': {'lat': 52.3759230302915, 'lng': 4.900141480291502}, 'southwest': {'lat': 52.3732250697085, 'lng': 4.897443519708498}}};Quartier Putain;2;4,5;Cafe;603;Oudekerksplein 4, Amsterdam;4.898007499999999;52.3752715
{'location': {'lat': 52.3744303, 'lng': 4.8971705}, 'viewport': {'northeast': {'lat': 52.3758193802915, 'lng': 4.898001430291502}, 'southwest': {'lat': 52.3731214197085, 'lng': 4.895303469708498}}};Snackbar High Snack;;4;Fastfood;35;Wijde Kerksteeg 5, Amsterdam;4.898029000000001;52.3751529
{'location': {'lat': 52.3749213, 'lng': 4.8975484}, 'viewport': {'northeast': {'lat': 52.3763757802915, 'lng': 4.898686430291502}, 'southwest': {'lat': 52.3736778197085, 'lng': 4.895988469708497}}};Lounge Restaurant Amsterdam;;4;Classic;3;Warmoesstraat 77, Amsterdam;4.8980969;52.3752449
{'location': {'lat': 52.3780556, 'lng': 4.886944399999999}, 'viewport': {'northeast': {'lat': 52.37932138029149, 'lng': 4.888217430291501}, 'southwest': {'lat': 52.37662341970849, 'lng': 4.885519469708496}}};Café De Klepel;;4,6;Cafe;276;Prinsenstraat 22, Amsterdam;4.898133;52.37504149999999
{'location': {'lat': 52.38026130000001, 'lng': 4.885943999999999}, 'viewport': {'northeast': {'lat': 52.38164613029151, 'lng': 4.887277930291502}, 'southwest': {'lat': 52.37894816970851, 'lng': 4.884579969708497}}};Restaurant Pizzeria Capri;;3,9;Italian;152;Lindengracht 63, Amsterdam;4.898133;52.37504149999999
{'location': {'lat': 52.373497, 'lng': 4.897499999999999}, 'viewport': {'northeast': {'lat': 52.37482928029149, 'lng': 4.898883330291502}, 'southwest': {'lat': 52.37213131970849, 'lng': 4.896185369708498}}};Ivy and Bros;;4,5;Classic;610;Oudezijds Voorburgwal 96A, Amsterdam;4.8982177;52.3751352
{'location': {'lat': 52.3739037, 'lng': 4.896919199999999}, 'viewport': {'northeast': {'lat': 52.3751112802915, 'lng': 4.898692880291502}, 'southwest': {'lat': 52.3724133197085, 'lng': 4.895994919708498}}};Croque Madame Gluten Free Food;;4,7;Sandwhich;214;Sint Annendwarsstraat 24a, Amsterdam;4.898346300000001;52.3750817
{'location': {'lat': 52.373987, 'lng': 4.8989322}, 'viewport': {'northeast': {'lat': 52.3753303302915, 'lng': 4.900212280291503}, 'southwest': {'lat': 52.3726323697085, 'lng': 4.897514319708498}}};parrillada;;4,5;Grill;18;Oudezijds Voorburgwal 67, Amsterdam;4.898513699999999;52.3751459
{'location': {'lat': 52.37704129999999, 'lng': 4.8820137}, 'viewport': {'northeast': {'lat': 52.3785408802915, 'lng': 4.883187680291503}, 'southwest': {'lat': 52.3758429197085, 'lng': 4.880489719708498}}};La Perla Pizzeria;2;4,4;Italian;2144;Tweede Tuindwarsstraat 53, Amsterdam;4.898705;52.3746117
{'location': {'lat': 52.3768074, 'lng': 4.8821277}, 'viewport': {'northeast': {'lat': 52.37807618029149, 'lng': 4.883477580291501}, 'southwest': {'lat': 52.3753782197085, 'lng': 4.880779619708497}}};Rosario Cocina Mexicana;;5;Mexican;17;Tweede Egelantiersdwarsstraat 9 H, Amsterdam;4.898707199999999;52.37491349999999
{'location': {'lat': 52.373925, 'lng': 4.89635}, 'viewport': {'northeast': {'lat': 52.37514253029151, 'lng': 4.897352280291502}, 'southwest': {'lat': 52.37244456970851, 'lng': 4.894654319708497}}};Belushi's;2;4,3;bar;1253;Warmoesstraat 129, Amsterdam;4.8987627;52.3750118
{'location': {'lat': 52.3744303, 'lng': 4.8971558}, 'viewport': {'northeast': {'lat': 52.3758202302915, 'lng': 4.897994080291503}, 'southwest': {'lat': 52.3731222697085, 'lng': 4.895296119708498}}};Chicken & burgers;;5;Burgers;2;Wijde Kerksteeg 3A, Amsterdam;4.8987775;52.3749346
{'location': {'lat': 52.3768074, 'lng': 4.8821277}, 'viewport': {'northeast': {'lat': 52.37807618029149, 'lng': 4.883477580291501}, 'southwest': {'lat': 52.3753782197085, 'lng': 4.880779619708497}}};Taka Japanese Kitchen;1;4,7;Sushi;157;Tweede Egelantiersdwarsstraat 9, Amsterdam;4.898781;52.3748774
{'location': {'lat': 52.37456599999999, 'lng': 4.897148}, 'viewport': {'northeast': {'lat': 52.3759300802915, 'lng': 4.897990180291502}, 'southwest': {'lat': 52.3732321197085, 'lng': 4.895292219708498}}};Caffe Italia;2;3,9;Italian;397;Warmoesstraat 93, Amsterdam;4.898816699999999;52.37496549999999
{'location': {'lat': 52.37398090000001, 'lng': 4.897390800000001}, 'viewport': {'northeast': {'lat': 52.3753596802915, 'lng': 4.899205030291503}, 'southwest': {'lat': 52.3726617197085, 'lng': 4.896507069708498}}};Pizza pasta bar;;2,7;Italian;103;Oudekerksplein 52, Amsterdam;4.898817600000001;52.3748776
{'location': {'lat': 52.3767509, 'lng': 4.882256}, 'viewport': {'northeast': {'lat': 52.3780559302915, 'lng': 4.883629480291502}, 'southwest': {'lat': 52.3753579697085, 'lng': 4.880931519708497}}};La Oliva;2;4,3;Italian;639;Egelantiersstraat 122 124, Amsterdam;4.8988399;52.37485969999999
{'location': {'lat': 52.3771959, 'lng': 4.881905499999999}, 'viewport': {'northeast': {'lat': 52.3784429802915, 'lng': 4.883259380291502}, 'southwest': {'lat': 52.3757450197085, 'lng': 4.880561419708498}}};Tanoshii Sushi;;4,6;Sushi;40;Tweede Tuindwarsstraat 11, Amsterdam;4.8988623;52.3739697
{'location': {'lat': 52.37981449999999, 'lng': 4.8808862}, 'viewport': {'northeast': {'lat': 52.38111453029149, 'lng': 4.882254630291502}, 'southwest': {'lat': 52.37841656970849, 'lng': 4.879556669708498}}};Caramba;2;4,1;Classic;164;Lindengracht 336, Amsterdam;4.898908200000001;52.3746403
{'location': {'lat': 52.37397490000001, 'lng': 4.8961404}, 'viewport': {'northeast': {'lat': 52.3752304302915, 'lng': 4.897241330291503}, 'southwest': {'lat': 52.3725324697085, 'lng': 4.894543369708498}}};"""OLD Bridge"" Sate en Snacks";;1;Fastfood;1;Warmoesstraat 104, Amsterdam;4.898914;52.3749882
{'location': {'lat': 52.377571, 'lng': 4.886135}, 'viewport': {'northeast': {'lat': 52.3789199802915, 'lng': 4.887483980291502}, 'southwest': {'lat': 52.3762220197085, 'lng': 4.884786019708498}}};Brasserie Geloof, Hoop & Liefde;;;Classic;;Prinsengracht 193, Amsterdam;4.8989322;52.373987
{'location': {'lat': 52.3771534, 'lng': 4.88172}, 'viewport': {'northeast': {'lat': 52.3784343302915, 'lng': 4.883195130291502}, 'southwest': {'lat': 52.3757363697085, 'lng': 4.880497169708498}}};Bar Pif;;4,9;Bar;14;Tweede Tuindwarsstraat 10A, Amsterdam;4.899000799999999;52.37358140000001
{'location': {'lat': 52.3749268, 'lng': 4.897679}, 'viewport': {'northeast': {'lat': 52.3764046802915, 'lng': 4.898735330291502}, 'southwest': {'lat': 52.37370671970851, 'lng': 4.896037369708497}}};Crepes & Waffles;2;4,3;Sweet;1136;Warmoesstraat 75, Amsterdam;4.899070699999999;52.3749213
{'location': {'lat': 52.3773182, 'lng': 4.8939946}, 'viewport': {'northeast': {'lat': 52.3786099802915, 'lng': 4.895424330291503}, 'southwest': {'lat': 52.3759120197085, 'lng': 4.892726369708498}}};Day's StoneGrill 1870 | Foodbar;;4,4;Grill;199;Spuistraat 4, Amsterdam;4.899286399999999;52.3792914
{'location': {'lat': 52.37814669999999, 'lng': 4.8963864}, 'viewport': {'northeast': {'lat': 52.37942378029149, 'lng': 4.897883330291502}, 'southwest': {'lat': 52.3767258197085, 'lng': 4.895185369708497}}};Flame Chinese Food & Grill;2;3,9;Asian;475;Martelaarsgracht 8, Amsterdam;4.8996036;52.37913589999999
{'location': {'lat': 52.3780002, 'lng': 4.8960758}, 'viewport': {'northeast': {'lat': 52.3792948802915, 'lng': 4.897453280291503}, 'southwest': {'lat': 52.3765969197085, 'lng': 4.894755319708498}}};Burger house;;3,6;Burger;469;Martelaarsgracht 22, Amsterdam;4.8997572;52.37929949999999
{'location': {'lat': 52.3775004, 'lng': 4.8963806}, 'viewport': {'northeast': {'lat': 52.37897668029149, 'lng': 4.897555180291502}, 'southwest': {'lat': 52.37627871970849, 'lng': 4.894857219708498}}};Hollywood Bar;;2,4;Bar;9;Nieuwendijk 55HS, Amsterdam;4.9000944;52.3795667
{'location': {'lat': 52.378187, 'lng': 4.895338}, 'viewport': {'northeast': {'lat': 52.3795416802915, 'lng': 4.896627730291501}, 'southwest': {'lat': 52.3768437197085, 'lng': 4.893929769708496}}};Jacketz Amsterdam;;4,6;Classic;2114;Nieuwendijk 32, Amsterdam;4.9001974;52.3776017
{'location': {'lat': 52.3792914, 'lng': 4.899286399999999}, 'viewport': {'northeast': {'lat': 52.3806533302915, 'lng': 4.900651480291502}, 'southwest': {'lat': 52.3779553697085, 'lng': 4.897953519708497}}};Julia's Amsterdam Central Station;2;3,5;Italian;449;Stationsplein 36, Amsterdam;4.900238900000001;52.3790632
{'location': {'lat': 52.3779906, 'lng': 4.895699}, 'viewport': {'northeast': {'lat': 52.3792781302915, 'lng': 4.897151930291503}, 'southwest': {'lat': 52.3765801697085, 'lng': 4.894453969708498}}};Pizza Cafe;;2,1;Italian;16;Nieuwendijk 44HS, Amsterdam;4.9004102;52.37836549999999
{'location': {'lat': 52.37913589999999, 'lng': 4.8996036}, 'viewport': {'northeast': {'lat': 52.3804504802915, 'lng': 4.900923480291502}, 'southwest': {'lat': 52.3777525197085, 'lng': 4.898225519708498}}};De Broodzaak;;2,2;Cafe;83;Stationsplein 35A, Amsterdam;4.900506600000001;52.3791368
{'location': {'lat': 52.3785128, 'lng': 4.895348200000001}, 'viewport': {'northeast': {'lat': 52.37979758029149, 'lng': 4.896458530291503}, 'southwest': {'lat': 52.3770996197085, 'lng': 4.893760569708498}}};Kebab House;1;3,2;Kebap;177;Nieuwendijk 21, Amsterdam;4.9005154;52.378524
{'location': {'lat': 52.378052, 'lng': 4.895466}, 'viewport': {'northeast': {'lat': 52.37933203029149, 'lng': 4.897053230291502}, 'southwest': {'lat': 52.37663406970849, 'lng': 4.894355269708498}}};Restaurant Madre Maria;2;4;Italian;829;Nieuwendijk 40, Amsterdam;4.9006383;52.3787581
{'location': {'lat': 52.3736747, 'lng': 4.8924513}, 'viewport': {'northeast': {'lat': 52.37483518029149, 'lng': 4.894307380291502}, 'southwest': {'lat': 52.37213721970849, 'lng': 4.891609419708498}}};Simit Sarayi Dam;;3,1;Sandwhich;359;Nieuwendijk 224, Amsterdam;4.8924513;52.3736747
{'location': {'lat': 52.3736185, 'lng': 4.8923282}, 'viewport': {'northeast': {'lat': 52.3749461302915, 'lng': 4.89306675}, 'southwest': {'lat': 52.37224816970851, 'lng': 4.890112549999998}}};Ijscuypje;2;3,3;Sweet;6;Dam 10, Amsterdam;4.8923282;52.3736185
{'location': {'lat': 52.3742505, 'lng': 4.891852200000001}, 'viewport': {'northeast': {'lat': 52.3755308302915, 'lng': 4.892881880291503}, 'southwest': {'lat': 52.3728328697085, 'lng': 4.890183919708498}}};Lunchroom Cafe St. Paul's;;3,7;Cafe;147;Gravenstraat 24-B, Amsterdam;4.891852200000001;52.3742505
{'location': {'lat': 52.3742057, 'lng': 4.8924467}, 'viewport': {'northeast': {'lat': 52.3755282802915, 'lng': 4.893177330291502}, 'southwest': {'lat': 52.3728303197085, 'lng': 4.890479369708498}}};Lunchroom Sapp;;5;Sandwhich;6;Gravenstraat 5, Amsterdam;4.8924467;52.3742057
{'location': {'lat': 52.3743183, 'lng': 4.8926222}, 'viewport': {'northeast': {'lat': 52.3755748802915, 'lng': 4.8933544}, 'southwest': {'lat': 52.3728769197085, 'lng': 4.8904804}}};De Nieuwe Pilserij;2;4,5;Classic;158;Gravenstraat 10A, Amsterdam;4.8926222;52.3743183
{'location': {'lat': 52.37277779999999, 'lng': 4.89}, 'viewport': {'northeast': {'lat': 52.3741345302915, 'lng': 4.891142230291503}, 'southwest': {'lat': 52.3714365697085, 'lng': 4.888444269708498}}};MR PORTER;;4,4;Classic;1157;Spuistraat 175, Amsterdam;4.89;52.37277779999999
{'location': {'lat': 52.3728608, 'lng': 4.8894059}, 'viewport': {'northeast': {'lat': 52.3742039302915, 'lng': 4.890848280291502}, 'southwest': {'lat': 52.3715059697085, 'lng': 4.888150319708497}}};THE DUCHESS;4;4,3;Classic;777;Spuistraat 172, Amsterdam;4.8894059;52.3728608
{'location': {'lat': 52.373646, 'lng': 4.8903201}, 'viewport': {'northeast': {'lat': 52.37496583029149, 'lng': 4.891821180291503}, 'southwest': {'lat': 52.3722678697085, 'lng': 4.889123219708498}}};Bepita - Pita Kitchen;;4;Indian;86;Nieuwezijds Voorburgwal 182I, Amsterdam;4.8903201;52.373646
{'location': {'lat': 52.3738284, 'lng': 4.8886159}, 'viewport': {'northeast': {'lat': 52.3751711802915, 'lng': 4.890004480291503}, 'southwest': {'lat': 52.3724732197085, 'lng': 4.887306519708498}}};BREDA;;4,6;Classic;472;Singel 210, Amsterdam;4.8886159;52.3738284
{'location': {'lat': 52.3742133, 'lng': 4.892517799999998}, 'viewport': {'northeast': {'lat': 52.3755344802915, 'lng': 4.893210730291503}, 'southwest': {'lat': 52.3728365197085, 'lng': 4.890512769708498}}};Dal Migliore;;4;Italian;4;Gravenstraat 13, Amsterdam;4.892517799999998;52.3742133,
{'location': {'lat': 52.3748345, 'lng': 4.888367000000001}, 'viewport': {'northeast': {'lat': 52.3761929802915, 'lng': 4.889687230291503}, 'southwest': {'lat': 52.3734950197085, 'lng': 4.886989269708499}}};Heertje Friet;;4,8;Fastfood;159;Herengracht 169, Amsterdam;4.888367000000001;52.3748345
{'location': {'lat': 52.37448869999999, 'lng': 4.8917511}, 'viewport': {'northeast': {'lat': 52.3758686302915, 'lng': 4.893003230291501}, 'southwest': {'lat': 52.3731706697085, 'lng': 4.890305269708497}}};Karas Nederland B.V.;;4,1;Grill;21;Nieuwezijds Voorburgwal 105, Amsterdam;4.8917511;52.37448869999999,
{'location': {'lat': 52.373621, 'lng': 4.890467999999999}, 'viewport': {'northeast': {'lat': 52.37495483029151, 'lng': 4.891895880291503}, 'southwest': {'lat': 52.37225686970851, 'lng': 4.889197919708498}}};Matts Wonderland;;4,4;Classic;76;Nieuwezijds Voorburgwal 182, Amsterdam;4.890467999999999;52.373621
{'location': {'lat': 52.3744186, 'lng': 4.891738399999999}, 'viewport': {'northeast': {'lat': 52.3758044302915, 'lng': 4.892971930291502}, 'southwest': {'lat': 52.3731064697085, 'lng': 4.890273969708497}}};Mr. Crab;2;4,1;Special;556;Nieuwezijds Voorburgwal 115, Amsterdam;4.891738399999999;52.3744186
{'location': {'lat': 52.3743533, 'lng': 4.8916058}, 'viewport': {'northeast': {'lat': 52.37572953029151, 'lng': 4.892869430291503}, 'southwest': {'lat': 52.37303156970851, 'lng': 4.890171469708498}}};Next-Door;;4,1;Classic;59;Nieuwezijds Voorburgwal 119-A, Amsterdam;4.8916058;52.3743533,
{'location': {'lat': 52.3746282, 'lng': 4.888592199999999}, 'viewport': {'northeast': {'lat': 52.37605223029149, 'lng': 4.889775280291501}, 'southwest': {'lat': 52.3733542697085, 'lng': 4.887077319708498}}};Sajj & Mezza's;;5;Special;65;Oude Leliestraat 7, Amsterdam;4.888592199999999;52.3746282
{'location': {'lat': 52.373646, 'lng': 4.8903201}, 'viewport': {'northeast': {'lat': 52.37496583029149, 'lng': 4.891821180291503}, 'southwest': {'lat': 52.3722678697085, 'lng': 4.889123219708498}}};Toni Loco Magna Plaza;;4,2;Italian;50;Nieuwezijds Voorburgwal 182I, Amsterdam;4.8903201;52.373646
{'location': {'lat': 52.3730129, 'lng': 4.890903900000001}, 'viewport': {'northeast': {'lat': 52.3743582302915, 'lng': 4.892131430291503}, 'southwest': {'lat': 52.37166026970851, 'lng': 4.889433469708498}}};Haring & Zo;;4,6;Special;80;Nieuwezijds Voorburgwal 200, Amsterdam;4.890903900000001; 52.3730129
{'location': {'lat': 52.373621, 'lng': 4.890467999999999}, 'viewport': {'northeast': {'lat': 52.37495483029151, 'lng': 4.891895880291503}, 'southwest': {'lat': 52.37225686970851, 'lng': 4.889197919708498}}};China Supreme;;4,6;Asian;84;"Nieuwezijds Voorburgwal 182 The Food Department"" (Magna Plaza 2nd Floor, Amsterdam";;52.373621
{'location': {'lat': 52.373621, 'lng': 4.890467999999999}, 'viewport': {'northeast': {'lat': 52.37495483029151, 'lng': 4.891895880291503}, 'southwest': {'lat': 52.37225686970851, 'lng': 4.889197919708498}}};DimSum District;;3,7;Asian;15;Nieuwezijds Voorburgwal 182, Amsterdam;;52.373621
{'location': {'lat': 52.3743099, 'lng': 4.8919733}, 'viewport': {'northeast': {'lat': 52.3755651302915, 'lng': 4.892939030291502}, 'southwest': {'lat': 52.3728671697085, 'lng': 4.890241069708497}}};Eethuis Sie Joe;1;4,2;Asian;183;Gravenstraat 24-A, Amsterdam;;52.3743099
{'location': {'lat': 52.373646, 'lng': 4.8903201}, 'viewport': {'northeast': {'lat': 52.37496583029149, 'lng': 4.891821180291503}, 'southwest': {'lat': 52.3722678697085, 'lng': 4.889123219708498}}};THE BUTCHER Magna Plaza;;4,3;Burger;99;Nieuwezijds Voorburgwal 182I, Amsterdam;;52.373646
{'location': {'lat': 52.3736992, 'lng': 4.892002}, 'viewport': {'northeast': {'lat': 52.37501153029149, 'lng': 4.892947499999999}, 'southwest': {'lat': 52.3723135697085, 'lng': 4.8901523}}};'t Nieuwe Kafé;2;3,7;Cafe;221;Eggertstraat 8, Amsterdam;;52.3736992
{'location': {'lat': 52.37348110000001, 'lng': 4.888006799999999}, 'viewport': {'northeast': {'lat': 52.3747577802915, 'lng': 4.889337630291502}, 'southwest': {'lat': 52.3720598197085, 'lng': 4.886639669708497}}};Bagels & Beans;2;4,2;Cafe;703;Raadhuisstraat 18, Amsterdam;;52.37348110000001
{'location': {'lat': 52.3730213, 'lng': 4.8898397}, 'viewport': {'northeast': {'lat': 52.37437533029151, 'lng': 4.891076680291502}, 'southwest': {'lat': 52.37167736970851, 'lng': 4.888378719708498}}};W Lounge;;4,3;Hotel;283;W Hotel, Spuistraat 175, Amsterdam;;52.3730213
{'location': {'lat': 52.37500579999999, 'lng': 4.890746699999998}, 'viewport': {'northeast': {'lat': 52.37631408029149, 'lng': 4.892170930291502}, 'southwest': {'lat': 52.37361611970849, 'lng': 4.889472969708497}}};Caldi e freddi;1;4,8;Italian;429;Spuistraat 102, Amsterdam;;52.37500579999999
{'location': {'lat': 52.3747312, 'lng': 4.8887446}, 'viewport': {'northeast': {'lat': 52.3760068302915, 'lng': 4.890218280291503}, 'southwest': {'lat': 52.37330886970851, 'lng': 4.887520319708498}}};Pane E Olio Toscaanse Delicatessen;;4,8;Italian;90;Oude Leliestraat 6, Amsterdam;;52.3747312
{'location': {'lat': 52.373621, 'lng': 4.890467999999999}, 'viewport': {'northeast': {'lat': 52.37495483029151, 'lng': 4.891895880291503}, 'southwest': {'lat': 52.37225686970851, 'lng': 4.889197919708498}}};Tacos & Tequila;;4,5;Mexican;83;Nieuwezijds Voorburgwal 182, Amsterdam;;52.373621
{'location': {'lat': 52.3746297, 'lng': 4.888656699999999}, 'viewport': {'northeast': {'lat': 52.37597728029149, 'lng': 4.890188980291502}, 'southwest': {'lat': 52.3732793197085, 'lng': 4.887491019708498}}};The Original California Burrito Company Amsterdam;2;4,1;Mexican;449;Oude Leliestraat 5, Amsterdam;;52.3746297
{'location': {'lat': 52.373646, 'lng': 4.8903201}, 'viewport': {'northeast': {'lat': 52.37496583029149, 'lng': 4.891821180291503}, 'southwest': {'lat': 52.3722678697085, 'lng': 4.889123219708498}}};Sushito Magna Plaza;;4,4;Sushi;12;The Food Department, Magna Plaza, Nieuwezijds Voorburgwal 182I, Amsterdam;;52.373646
{'location': {'lat': 52.3742133, 'lng': 4.892517799999998}, 'viewport': {'northeast': {'lat': 52.3755671302915, 'lng': 4.893236330291501}, 'southwest': {'lat': 52.3728691697085, 'lng': 4.890538369708497}}};De Drie Graefjes American Bakery - Vestiging Dam;2;4,3;Sweet;570;Gravenstraat 13, Amsterdam;;52.3742133
{'location': {'lat': 52.3742319, 'lng': 4.892679100000001}, 'viewport': {'northeast': {'lat': 52.3755456802915, 'lng': 4.893425799999999}, 'southwest': {'lat': 52.3728477197085, 'lng': 4.8904566}}};De Pannenkoekenrij;;4,2;Sweet;29;Gravenstraat 7, Amsterdam;;52.3742319
{'location': {'lat': 52.37342839999999, 'lng': 4.889386399999999}, 'viewport': {'northeast': {'lat': 52.3746914802915, 'lng': 4.890730730291502}, 'southwest': {'lat': 52.3719935197085, 'lng': 4.888032769708498}}};Meneer pannenkoek;;4,2;Sweet;324;Raadhuisstraat 6, Amsterdam;;52.37342839999999
{'location': {'lat': 52.3736185, 'lng': 4.8923282}, 'viewport': {'northeast': {'lat': 52.3749461302915, 'lng': 4.89306675}, 'southwest': {'lat': 52.37224816970851, 'lng': 4.890112549999998}}};NAKED espresso;;3,8;Sweet;114;Dam 10, Amsterdam;;52.3736185
{'location': {'lat': 52.3736185, 'lng': 4.8923282}, 'viewport': {'northeast': {'lat': 52.3749674802915, 'lng': 4.893677180291502}, 'southwest': {'lat': 52.3722695197085, 'lng': 4.890979219708497}}};NAKED espresso;;4,4;Sweet;430;Dam 10, Amsterdam;;52.3736185